时间,代码,名称,操作,价格,信号等级,评分,行业,市场评分,市场状态,状态,策略版本,旧动作,新动作,变化原因
2026-08-03 11:52,159516,半导体设备ETF,卖出/减仓,0.624,A,-4,,,,待执行,legacy
2026-08-03 11:52,515880,通信ETF,卖出/减仓,0.59,A,-4,,,,待执行,legacy
2026-08-03 11:52,512400,有色金属ETF,买入,1.783,B,2,,,,虚拟买入,legacy
2026-08-03 11:52,601179,中国西电,买入,13.91,B,4,,,,虚拟买入,legacy
2026-08-03 11:52,600089,特变电工,买入,21.24,B,4,,,,虚拟买入,legacy
2026-08-03 11:53,159516,半导体设备ETF,卖出/减仓,0.624,A,-4,,,,待执行,legacy
2026-08-03 11:53,515880,通信ETF,卖出/减仓,0.59,A,-4,,,,待执行,legacy
2026-08-03 11:53,512400,有色金属ETF,买入,1.783,B,2,,,,虚拟买入,legacy
2026-08-03 11:53,601179,中国西电,买入,13.91,B,4,,,,虚拟买入,legacy
2026-08-03 11:53,600089,特变电工,买入,21.24,B,4,,,,虚拟买入,legacy
2026-08-03 11:57,159516,半导体设备ETF,卖出/减仓,0.624,A,-4,,,,待执行,legacy
2026-08-03 11:57,515880,通信ETF,卖出/减仓,0.59,A,-4,,,,待执行,legacy
2026-08-03 11:57,512400,有色金属ETF,买入,1.783,B,2,,,,虚拟买入,legacy
2026-08-03 11:57,601179,中国西电,买入,13.91,B,4,,,,虚拟买入,legacy
2026-08-03 11:57,600089,特变电工,买入,21.24,B,4,,,,虚拟买入,legacy
2026-08-03 14:45,159516,半导体设备ETF,卖出/减仓,0.61,A,-4,,,,待执行,legacy
2026-08-03 14:45,515880,通信ETF,卖出/减仓,0.582,A,-4,,,,待执行,legacy
2026-08-03 14:45,512400,有色金属ETF,买入,1.778,B,2,,,,虚拟买入,legacy
2026-08-03 14:45,601179,中国西电,买入,13.87,B,4,,,,虚拟买入,legacy
2026-08-03 14:45,600089,特变电工,买入,21.34,B,4,,,,虚拟买入,legacy
2026-08-04 09:43,512400,有色金属ETF,买入,1.78,B,4,,,,虚拟买入,legacy
2026-08-04 09:43,601179,中国西电,买入,13.75,B,4,,,,虚拟买入,legacy
2026-08-04 09:43,600089,特变电工,买入,21.14,B,4,,,,虚拟买入,legacy
2026-08-04 09:43,159858,创新药ETF,买入,0.687,B,2,,,,虚拟买入,legacy
2026-08-04 09:43,512400,有色金属ETF,买入,1.78,B,4,,,,虚拟买入,legacy
2026-08-04 09:43,601179,中国西电,买入,13.74,B,4,,,,虚拟买入,legacy
2026-08-04 09:43,600089,特变电工,买入,21.13,B,4,,,,虚拟买入,legacy
2026-08-04 09:43,159858,创新药ETF,买入,0.687,B,2,,,,虚拟买入,legacy
2026-08-04 09:43,512400,有色金属ETF,买入,1.779,B,4,,,,虚拟买入,legacy
2026-08-04 09:43,601179,中国西电,买入,13.73,B,4,,,,虚拟买入,legacy
2026-08-04 09:43,600089,特变电工,买入,21.12,B,4,,,,虚拟买入,legacy
2026-08-04 09:46,159858,创新药ETF,买入,0.688,B,2,,,,虚拟买入,legacy
2026-08-04 09:46,512400,有色金属ETF,买入,1.784,B,4,,,,虚拟买入,legacy
2026-08-04 09:46,512170,医疗ETF,买入,0.335,A,4,,,,虚拟买入,legacy
2026-08-04 09:46,513180,恒生科技ETF,买入,0.614,B,4,,,,虚拟买入,legacy
2026-08-04 09:46,159869,游戏ETF,买入,1.126,B,2,,,,虚拟买入,legacy
2026-08-04 09:46,601179,中国西电,买入,13.9,B,4,,,,虚拟买入,legacy
2026-08-04 09:46,600089,特变电工,买入,21.19,B,4,,,,虚拟买入,legacy
2026-08-04 10:00,512400,有色金属ETF,买入,1.778,B,4,,,,虚拟买入,legacy
2026-08-04 10:00,512170,医疗ETF,买入,0.334,A,4,,,,虚拟买入,legacy
2026-08-04 10:00,513180,恒生科技ETF,买入,0.613,B,4,,,,虚拟买入,legacy
2026-08-04 10:00,159869,游戏ETF,买入,1.125,B,2,,,,虚拟买入,legacy
2026-08-04 10:00,601179,中国西电,买入,13.9,B,4,,,,虚拟买入,legacy
2026-08-04 10:00,600089,特变电工,买入,21.17,B,4,,,,虚拟买入,legacy
2026-08-04 10:00,512400,有色金属ETF,买入,1.778,B,4,,,,虚拟买入,legacy
2026-08-04 10:00,512170,医疗ETF,买入,0.334,A,4,,,,虚拟买入,legacy
2026-08-04 10:00,513180,恒生科技ETF,买入,0.612,B,4,,,,虚拟买入,legacy
2026-08-04 10:00,159869,游戏ETF,买入,1.125,B,2,,,,虚拟买入,legacy
2026-08-04 10:00,601179,中国西电,买入,13.93,B,4,,,,虚拟买入,legacy
2026-08-04 10:00,600089,特变电工,买入,21.16,B,4,,,,虚拟买入,legacy
2026-08-04 10:01,159858,创新药ETF,买入,0.687,B,2,,,,虚拟买入,legacy
2026-08-04 10:01,512400,有色金属ETF,买入,1.776,B,4,,,,虚拟买入,legacy
2026-08-04 10:01,512170,医疗ETF,买入,0.334,A,4,,,,虚拟买入,legacy
2026-08-04 10:01,513180,恒生科技ETF,买入,0.612,B,4,,,,虚拟买入,legacy
2026-08-04 10:01,159869,游戏ETF,买入,1.127,B,2,,,,虚拟买入,legacy
2026-08-04 10:01,601179,中国西电,买入,13.9,B,4,,,,虚拟买入,legacy
2026-08-04 10:01,600089,特变电工,买入,21.18,B,4,,,,虚拟买入,legacy
2026-08-04 10:02,159858,创新药ETF,买入,0.688,B,2,,,,虚拟买入,legacy
2026-08-04 10:02,512400,有色金属ETF,买入,1.777,B,4,,,,虚拟买入,legacy
2026-08-04 10:02,512170,医疗ETF,买入,0.335,A,4,,,,虚拟买入,legacy
2026-08-04 10:02,513180,恒生科技ETF,买入,0.613,B,4,,,,虚拟买入,legacy
2026-08-04 10:02,159869,游戏ETF,买入,1.13,B,2,,,,虚拟买入,legacy
2026-08-04 10:02,601179,中国西电,买入,13.94,B,4,,,,虚拟买入,legacy
2026-08-04 10:02,600089,特变电工,买入,21.21,B,4,,,,虚拟买入,legacy
2026-08-04 10:02,159858,创新药ETF,买入,0.688,B,2,,,,虚拟买入,legacy
2026-08-04 10:02,512400,有色金属ETF,买入,1.777,B,4,,,,虚拟买入,legacy
2026-08-04 10:02,512170,医疗ETF,买入,0.334,A,4,,,,虚拟买入,legacy
2026-08-04 10:02,513180,恒生科技ETF,买入,0.613,B,4,,,,虚拟买入,legacy
2026-08-04 10:02,159869,游戏ETF,买入,1.131,B,2,,,,虚拟买入,legacy
2026-08-04 10:02,601179,中国西电,买入,13.94,B,4,,,,虚拟买入,legacy
2026-08-04 10:02,600089,特变电工,买入,21.21,B,4,,,,虚拟买入,legacy
2026-08-04 10:16,159858,创新药ETF,买入,0.687,B,2,,,,虚拟买入,legacy
2026-08-04 10:16,512400,有色金属ETF,买入,1.789,B,4,,,,虚拟买入,legacy
2026-08-04 10:16,512170,医疗ETF,买入,0.336,A,4,,,,虚拟买入,legacy
2026-08-04 10:16,513180,恒生科技ETF,买入,0.614,B,4,,,,虚拟买入,legacy
2026-08-04 10:16,159869,游戏ETF,买入,1.144,B,2,,,,虚拟买入,legacy
2026-08-04 10:16,601179,中国西电,买入,14.15,B,4,,,,虚拟买入,legacy
2026-08-04 10:16,600089,特变电工,买入,21.36,B,4,,,,虚拟买入,legacy
2026-08-04 10:41,159858,创新药ETF,买入,0.689,B,2,,,,虚拟买入,legacy
2026-08-04 10:41,512400,有色金属ETF,买入,1.791,B,4,,,,虚拟买入,legacy
2026-08-04 10:41,512170,医疗ETF,买入,0.335,A,4,,,,虚拟买入,legacy
2026-08-04 10:41,513180,恒生科技ETF,买入,0.613,B,4,,,,虚拟买入,legacy
2026-08-04 10:41,159869,游戏ETF,买入,1.143,B,2,,,,虚拟买入,legacy
2026-08-04 10:41,601179,中国西电,买入,14.42,B,4,,,,虚拟买入,legacy
2026-08-04 10:41,600089,特变电工,买入,21.4,B,4,,,,虚拟买入,legacy
2026-08-04 11:10,512400,有色金属ETF,买入,1.798,B,4,,,,虚拟买入,legacy
2026-08-04 11:11,512170,医疗ETF,买入,0.334,A,4,,,,虚拟买入,legacy
2026-08-04 11:11,513180,恒生科技ETF,买入,0.615,B,4,,,,虚拟买入,legacy
2026-08-04 11:11,159869,游戏ETF,买入,1.15,B,2,,,,虚拟买入,legacy
2026-08-04 11:11,601179,中国西电,买入,14.37,B,4,,,,虚拟买入,legacy
2026-08-04 11:11,600089,特变电工,买入,21.4,B,4,,,,虚拟买入,legacy
2026-08-04 11:33,512400,有色金属ETF,买入,1.798,B,4,,,,虚拟买入,legacy
2026-08-04 11:33,512170,医疗ETF,买入,0.334,A,4,,,,虚拟买入,legacy
2026-08-04 11:33,513180,恒生科技ETF,买入,0.616,B,4,,,,虚拟买入,legacy
2026-08-04 11:33,159869,游戏ETF,买入,1.154,B,2,,,,虚拟买入,legacy
2026-08-04 11:33,601179,中国西电,买入,14.36,B,4,,,,虚拟买入,legacy
2026-08-04 11:33,600089,特变电工,买入,21.38,B,4,,,,虚拟买入,legacy
2026-08-04 12:45,512400,有色金属ETF,买入,1.798,B,4,,,,虚拟买入,legacy
2026-08-04 12:45,512170,医疗ETF,买入,0.334,A,4,,,,虚拟买入,legacy
2026-08-04 12:45,513180,恒生科技ETF,买入,0.616,B,4,,,,虚拟买入,legacy
2026-08-04 12:45,159869,游戏ETF,买入,1.154,B,2,,,,虚拟买入,legacy
2026-08-04 12:45,601179,中国西电,买入,14.36,B,4,,,,虚拟买入,legacy
2026-08-04 12:45,600089,特变电工,买入,21.38,B,4,,,,虚拟买入,legacy
2026-08-04 12:46,512400,有色金属ETF,买入,1.798,B,4,,,,虚拟买入,legacy
2026-08-04 12:46,512170,医疗ETF,买入,0.334,A,4,,,,虚拟买入,legacy
2026-08-04 12:46,513180,恒生科技ETF,买入,0.616,B,4,,,,虚拟买入,legacy
2026-08-04 12:46,159869,游戏ETF,买入,1.154,B,2,,,,虚拟买入,legacy
2026-08-04 12:46,601179,中国西电,买入,14.36,B,4,,,,虚拟买入,legacy
2026-08-04 12:46,600089,特变电工,买入,21.38,B,4,,,,虚拟买入,legacy
2026-08-04 13:30,512400,有色金属ETF,买入,1.799,B,4,,,,虚拟买入,legacy
2026-08-04 13:30,512170,医疗ETF,买入,0.334,A,4,,,,虚拟买入,legacy
2026-08-04 13:30,513180,恒生科技ETF,买入,0.613,B,4,,,,虚拟买入,legacy
2026-08-04 13:30,159869,游戏ETF,买入,1.148,B,2,,,,虚拟买入,legacy
2026-08-04 13:30,601179,中国西电,买入,14.3,B,4,,,,虚拟买入,legacy
2026-08-04 13:30,600089,特变电工,买入,21.39,B,4,,,,虚拟买入,legacy
2026-08-04 13:55,159858,创新药ETF,买入,0.687,B,2,,,,虚拟买入,legacy
2026-08-04 13:55,512400,有色金属ETF,买入,1.807,B,4,,,,虚拟买入,legacy
2026-08-04 13:55,512170,医疗ETF,买入,0.334,A,4,,,,虚拟买入,legacy
2026-08-04 13:55,513180,恒生科技ETF,买入,0.615,B,4,,,,虚拟买入,legacy
2026-08-04 13:55,159869,游戏ETF,买入,1.153,B,2,,,,虚拟买入,legacy
2026-08-04 13:55,601179,中国西电,买入,14.28,B,4,,,,虚拟买入,legacy
2026-08-04 13:55,600089,特变电工,买入,21.4,B,4,,,,虚拟买入,legacy
2026-08-04 13:55,159858,创新药ETF,买入,0.688,B,2,,,,虚拟买入,legacy
2026-08-04 13:55,512400,有色金属ETF,买入,1.807,B,4,,,,虚拟买入,legacy
2026-08-04 13:55,512170,医疗ETF,买入,0.334,A,4,,,,虚拟买入,legacy
2026-08-04 13:55,513180,恒生科技ETF,买入,0.614,B,4,,,,虚拟买入,legacy
2026-08-04 13:55,159869,游戏ETF,买入,1.154,B,2,,,,虚拟买入,legacy
2026-08-04 13:55,601179,中国西电,买入,14.28,B,4,,,,虚拟买入,legacy
2026-08-04 13:55,600089,特变电工,买入,21.39,B,4,,,,虚拟买入,legacy
2026-08-04 14:03,159516,半导体设备ETF,卖出/减仓,0.645,B,-2,,,,待执行,legacy
2026-08-04 14:03,159858,创新药ETF,买入,0.688,B,2,,,,虚拟买入,legacy
2026-08-04 14:03,512400,有色金属ETF,买入,1.806,B,4,,,,虚拟买入,legacy
2026-08-04 14:03,512170,医疗ETF,买入,0.334,A,4,,,,虚拟买入,legacy
2026-08-04 14:03,513180,恒生科技ETF,买入,0.615,B,4,,,,虚拟买入,legacy
2026-08-04 14:03,159869,游戏ETF,买入,1.154,B,2,,,,虚拟买入,legacy
2026-08-04 14:03,601179,中国西电,买入,14.27,B,4,,,,虚拟买入,legacy
2026-08-04 14:03,600089,特变电工,买入,21.39,B,4,,,,虚拟买入,legacy
2026-08-04 14:06,159516,半导体设备ETF,买入,0.645,B,-2,,,,虚拟买入,legacy
2026-08-04 14:06,515880,通信ETF,买入,0.638,B,2,,,,虚拟买入,legacy
2026-08-04 14:06,159858,创新药ETF,买入,0.687,B,2,,,,虚拟买入,legacy
2026-08-04 14:06,512400,有色金属ETF,买入,1.807,B,4,,,,虚拟买入,legacy
2026-08-04 14:06,512170,医疗ETF,买入,0.334,A,4,,,,虚拟买入,legacy
2026-08-04 14:06,513180,恒生科技ETF,买入,0.615,B,4,,,,虚拟买入,legacy
2026-08-04 14:06,159869,游戏ETF,买入,1.156,B,2,,,,虚拟买入,legacy
2026-08-04 14:06,601179,中国西电,买入,14.26,B,4,,,,虚拟买入,legacy
2026-08-04 14:06,600089,特变电工,买入,21.38,B,4,,,,虚拟买入,legacy
2026-08-04 14:06,159516,半导体设备ETF,买入,0.645,B,-2,,,,虚拟买入,legacy
2026-08-04 14:06,515880,通信ETF,买入,0.637,B,2,,,,虚拟买入,legacy
2026-08-04 14:06,159858,创新药ETF,买入,0.687,B,2,,,,虚拟买入,legacy
2026-08-04 14:06,512400,有色金属ETF,买入,1.808,B,4,,,,虚拟买入,legacy
2026-08-04 14:06,512170,医疗ETF,买入,0.334,A,4,,,,虚拟买入,legacy
2026-08-04 14:06,513180,恒生科技ETF,买入,0.615,B,4,,,,虚拟买入,legacy
2026-08-04 14:06,159869,游戏ETF,买入,1.156,B,2,,,,虚拟买入,legacy
2026-08-04 14:06,601179,中国西电,买入,14.27,B,4,,,,虚拟买入,legacy
2026-08-04 14:06,600089,特变电工,买入,21.38,B,4,,,,虚拟买入,legacy
2026-08-04 14:06,159516,半导体设备ETF,买入,0.645,B,-2,,,,虚拟买入,legacy
2026-08-04 14:06,515880,通信ETF,买入,0.638,B,2,,,,虚拟买入,legacy
2026-08-04 14:06,159858,创新药ETF,买入,0.687,B,2,,,,虚拟买入,legacy
2026-08-04 14:06,512400,有色金属ETF,买入,1.808,B,4,,,,虚拟买入,legacy
2026-08-04 14:06,512170,医疗ETF,买入,0.334,A,4,,,,虚拟买入,legacy
2026-08-04 14:06,513180,恒生科技ETF,买入,0.615,B,4,,,,虚拟买入,legacy
2026-08-04 14:06,159869,游戏ETF,买入,1.156,B,2,,,,虚拟买入,legacy
2026-08-04 14:06,601179,中国西电,买入,14.27,B,4,,,,虚拟买入,legacy
2026-08-04 14:06,600089,特变电工,买入,21.39,B,4,,,,虚拟买入,legacy
2026-08-04 14:06,159516,半导体设备ETF,买入,0.645,B,-2,,,,虚拟买入,legacy
2026-08-04 14:06,515880,通信ETF,买入,0.637,B,2,,,,虚拟买入,legacy
2026-08-04 14:06,159858,创新药ETF,买入,0.688,B,2,,,,虚拟买入,legacy
2026-08-04 14:06,512400,有色金属ETF,买入,1.808,B,4,,,,虚拟买入,legacy
2026-08-04 14:06,512170,医疗ETF,买入,0.335,A,4,,,,虚拟买入,legacy
2026-08-04 14:06,513180,恒生科技ETF,买入,0.615,B,4,,,,虚拟买入,legacy
2026-08-04 14:06,601179,中国西电,买入,14.27,B,4,,,,虚拟买入,legacy
2026-08-04 14:06,600089,特变电工,买入,21.38,B,4,,,,虚拟买入,legacy
2026-08-04 14:07,159516,半导体设备ETF,买入,0.646,B,-2,,,,虚拟买入,legacy
2026-08-04 14:07,515880,通信ETF,买入,0.638,B,2,,,,虚拟买入,legacy
2026-08-04 14:07,159858,创新药ETF,买入,0.688,B,2,,,,虚拟买入,legacy
2026-08-04 14:07,512400,有色金属ETF,买入,1.808,B,4,,,,虚拟买入,legacy
2026-08-04 14:07,512170,医疗ETF,买入,0.334,A,4,,,,虚拟买入,legacy
2026-08-04 14:07,513180,恒生科技ETF,买入,0.614,B,4,,,,虚拟买入,legacy
2026-08-04 14:07,159869,游戏ETF,买入,1.156,B,2,,,,虚拟买入,legacy
2026-08-04 14:07,601179,中国西电,买入,14.26,B,4,,,,虚拟买入,legacy
2026-08-04 14:07,600089,特变电工,买入,21.38,B,4,,,,虚拟买入,legacy
2026-08-04 14:08,159516,半导体设备ETF,买入,0.646,B,-2,,,,虚拟买入,legacy
2026-08-04 14:08,515880,通信ETF,买入,0.637,B,2,,,,虚拟买入,legacy
2026-08-04 14:08,159858,创新药ETF,买入,0.688,B,2,,,,虚拟买入,legacy
2026-08-04 14:08,512400,有色金属ETF,买入,1.807,B,4,,,,虚拟买入,legacy
2026-08-04 14:08,512170,医疗ETF,买入,0.334,A,4,,,,虚拟买入,legacy
2026-08-04 14:08,513180,恒生科技ETF,买入,0.614,B,4,,,,虚拟买入,legacy
2026-08-04 14:08,159869,游戏ETF,买入,1.156,B,2,,,,虚拟买入,legacy
2026-08-04 14:08,601179,中国西电,买入,14.25,B,4,,,,虚拟买入,legacy
2026-08-04 14:08,600089,特变电工,买入,21.38,B,4,,,,虚拟买入,legacy
2026-08-04 14:09,159516,半导体设备ETF,买入,0.647,B,-2,,,,虚拟买入,legacy
2026-08-04 14:09,515880,通信ETF,买入,0.639,B,2,,,,虚拟买入,legacy
2026-08-04 14:09,159858,创新药ETF,买入,0.689,B,2,,,,虚拟买入,legacy
2026-08-04 14:09,512400,有色金属ETF,买入,1.81,B,4,,,,虚拟买入,legacy
2026-08-04 14:09,512170,医疗ETF,买入,0.335,A,4,,,,虚拟买入,legacy
2026-08-04 14:09,513180,恒生科技ETF,买入,0.615,B,4,,,,虚拟买入,legacy
2026-08-04 14:09,601179,中国西电,买入,14.26,B,4,,,,虚拟买入,legacy
2026-08-04 14:09,600089,特变电工,买入,21.39,B,4,,,,虚拟买入,legacy
2026-08-04 14:09,159516,半导体设备ETF,买入,0.647,B,-2,,,,虚拟买入,legacy
2026-08-04 14:09,515880,通信ETF,买入,0.639,B,2,,,,虚拟买入,legacy
2026-08-04 14:09,159858,创新药ETF,买入,0.689,B,2,,,,虚拟买入,legacy
2026-08-04 14:09,512400,有色金属ETF,买入,1.811,B,4,,,,虚拟买入,legacy
2026-08-04 14:09,512170,医疗ETF,买入,0.335,A,4,,,,虚拟买入,legacy
2026-08-04 14:09,513180,恒生科技ETF,买入,0.615,B,4,,,,虚拟买入,legacy
2026-08-04 14:09,601179,中国西电,买入,14.25,B,4,,,,虚拟买入,legacy
2026-08-04 14:09,600089,特变电工,买入,21.39,B,4,,,,虚拟买入,legacy
2026-08-04 14:22,159516,半导体设备ETF,买入,0.639,B,-2,,,,虚拟买入,legacy
2026-08-04 14:22,515880,通信ETF,买入,0.635,B,2,,,,虚拟买入,legacy
2026-08-04 14:22,159858,创新药ETF,买入,0.687,B,2,,,,虚拟买入,legacy
2026-08-04 14:22,512400,有色金属ETF,买入,1.803,B,4,,,,虚拟买入,legacy
2026-08-04 14:22,512170,医疗ETF,买入,0.335,A,4,,,,虚拟买入,legacy
2026-08-04 14:22,513180,恒生科技ETF,买入,0.615,B,4,,,,虚拟买入,legacy
2026-08-04 14:22,159869,游戏ETF,买入,1.152,B,2,,,,虚拟买入,legacy
2026-08-04 14:22,601179,中国西电,买入,14.23,B,4,,,,虚拟买入,legacy
2026-08-04 14:22,600089,特变电工,买入,21.37,B,4,,,,虚拟买入,legacy
2026-08-04 14:29,159516,半导体设备ETF,买入,0.642,B,-2,,,,虚拟买入,legacy
2026-08-04 14:29,515880,通信ETF,买入,0.637,B,2,,,,虚拟买入,legacy
2026-08-04 14:29,159858,创新药ETF,买入,0.688,B,2,,,,虚拟买入,legacy
2026-08-04 14:29,512400,有色金属ETF,买入,1.806,B,4,,,,虚拟买入,legacy
2026-08-04 14:29,512170,医疗ETF,买入,0.334,A,4,,,,虚拟买入,legacy
2026-08-04 14:29,513180,恒生科技ETF,买入,0.616,B,4,,,,虚拟买入,legacy
2026-08-04 14:29,159869,游戏ETF,买入,1.155,B,2,,,,虚拟买入,legacy
2026-08-04 14:29,601179,中国西电,买入,14.29,B,4,,,,虚拟买入,legacy
2026-08-04 14:29,600089,特变电工,买入,21.38,B,4,,,,虚拟买入,legacy
2026-08-04 14:45,159516,半导体设备ETF,买入,0.636,B,-2,,,,虚拟买入,legacy
2026-08-04 14:45,515880,通信ETF,买入,0.635,B,2,,,,虚拟买入,legacy
2026-08-04 14:45,512400,有色金属ETF,买入,1.8,B,4,,,,虚拟买入,legacy
2026-08-04 14:45,512170,医疗ETF,买入,0.334,A,4,,,,虚拟买入,legacy
2026-08-04 14:45,513180,恒生科技ETF,买入,0.615,B,4,,,,虚拟买入,legacy
2026-08-04 14:45,159869,游戏ETF,买入,1.151,B,2,,,,虚拟买入,legacy
2026-08-04 14:45,601179,中国西电,买入,14.26,B,4,,,,虚拟买入,legacy
2026-08-04 14:45,600089,特变电工,买入,21.33,B,4,,,,虚拟买入,legacy
2026-08-04 14:51,159516,半导体设备ETF,买入,0.638,B,-2,,,,虚拟买入,legacy
2026-08-04 14:51,515880,通信ETF,买入,0.635,B,2,,,,虚拟买入,legacy
2026-08-04 14:51,512400,有色金属ETF,买入,1.803,B,4,,,,虚拟买入,legacy
2026-08-04 14:51,512170,医疗ETF,买入,0.334,A,4,,,,虚拟买入,legacy
2026-08-04 14:51,513180,恒生科技ETF,买入,0.616,B,4,,,,虚拟买入,legacy
2026-08-04 14:51,159869,游戏ETF,买入,1.153,B,2,,,,虚拟买入,legacy
2026-08-04 14:51,601179,中国西电,买入,14.32,B,4,,,,虚拟买入,legacy
2026-08-04 14:51,600089,特变电工,买入,21.36,B,4,,,,虚拟买入,legacy
2026-08-04 14:52,159516,半导体设备ETF,买入,0.639,B,-2,,,,虚拟买入,legacy
2026-08-04 14:52,515880,通信ETF,买入,0.636,B,2,,,,虚拟买入,legacy
2026-08-04 14:52,159858,创新药ETF,买入,0.687,B,2,,,,虚拟买入,legacy
2026-08-04 14:52,512400,有色金属ETF,买入,1.804,B,4,,,,虚拟买入,legacy
2026-08-04 14:52,512170,医疗ETF,买入,0.334,A,4,,,,虚拟买入,legacy
2026-08-04 14:52,513180,恒生科技ETF,买入,0.616,B,4,,,,虚拟买入,legacy
2026-08-04 14:52,159869,游戏ETF,买入,1.154,B,2,,,,虚拟买入,legacy
2026-08-04 14:52,601179,中国西电,买入,14.33,B,4,,,,虚拟买入,legacy
2026-08-04 14:52,600089,特变电工,买入,21.37,B,4,,,,虚拟买入,legacy
2026-08-04 15:18,159516,半导体设备ETF,买入,0.64,B,-2,,,,虚拟买入,legacy
2026-08-04 15:18,515880,通信ETF,买入,0.637,B,2,,,,虚拟买入,legacy
2026-08-04 15:18,512400,有色金属ETF,买入,1.809,B,4,,,,虚拟买入,legacy
2026-08-04 15:18,512170,医疗ETF,买入,0.334,A,4,,,,虚拟买入,legacy
2026-08-04 15:18,513180,恒生科技ETF,买入,0.617,B,4,,,,虚拟买入,legacy
2026-08-04 15:18,601179,中国西电,买入,14.37,B,4,,,,虚拟买入,legacy
2026-08-04 15:18,600089,特变电工,买入,21.38,B,4,,,,虚拟买入,legacy
2026-08-05 11:42,159516,半导体设备ETF,买入,0.699,D,25,,,,虚拟买入,legacy
2026-08-05 11:42,515880,通信ETF,买入,0.637,D,21,,,,虚拟买入,legacy
2026-08-05 11:42,159858,创新药ETF,买入,0.696,A,72,,,,虚拟买入,legacy
2026-08-05 11:42,512400,有色金属ETF,买入,1.891,A,67,,,,虚拟买入,legacy
2026-08-05 11:43,512170,医疗ETF,买入,0.337,A,79,,,,虚拟买入,legacy
2026-08-05 11:43,513180,恒生科技ETF,买入,0.623,A,73,,,,虚拟买入,legacy
2026-08-05 11:43,510880,红利ETF,买入,3.219,A,75,,,,虚拟买入,legacy
2026-08-05 11:43,518880,黄金ETF,买入,8.545,B,54,,,,虚拟买入,legacy
2026-08-05 11:43,159869,游戏ETF,买入,1.166,B,63,,,,虚拟买入,legacy
2026-08-05 11:43,601179,中国西电,买入,14.27,B,56,,,,待执行,legacy
2026-08-05 11:43,600089,特变电工,买入,21.41,B,60,,,,待执行,legacy
2026-08-05 11:43,600111,北方稀土,卖出/减仓,41.83,C,38,,,,待执行,legacy
2026-08-05 11:44,159516,半导体设备ETF,买入,0.699,D,25,,,,虚拟买入,legacy
2026-08-05 11:44,515880,通信ETF,买入,0.637,D,21,,,,虚拟买入,legacy
2026-08-05 11:44,159858,创新药ETF,买入,0.696,A,72,,,,虚拟买入,legacy
2026-08-05 11:44,512400,有色金属ETF,买入,1.891,A,67,,,,虚拟买入,legacy
2026-08-05 11:44,512170,医疗ETF,买入,0.337,A,79,,,,虚拟买入,legacy
2026-08-05 11:44,513180,恒生科技ETF,买入,0.623,A,73,,,,虚拟买入,legacy
2026-08-05 11:44,510880,红利ETF,买入,3.219,A,75,,,,虚拟买入,legacy
2026-08-05 11:44,518880,黄金ETF,买入,8.545,B,54,,,,虚拟买入,legacy
2026-08-05 11:44,159869,游戏ETF,买入,1.166,B,63,,,,虚拟买入,legacy
2026-08-05 11:44,601179,中国西电,买入,14.27,B,56,,,,待执行,legacy
2026-08-05 11:44,600089,特变电工,买入,21.41,B,60,,,,待执行,legacy
2026-08-05 11:44,600111,北方稀土,卖出/减仓,41.83,C,38,,,,待执行,legacy
2026-08-05 11:44,159516,半导体设备ETF,买入,0.699,D,25,,,,虚拟买入,legacy
2026-08-05 11:44,515880,通信ETF,买入,0.637,D,21,,,,虚拟买入,legacy
2026-08-05 11:44,159858,创新药ETF,买入,0.696,A,72,,,,虚拟买入,legacy
2026-08-05 11:44,512400,有色金属ETF,买入,1.891,A,67,,,,虚拟买入,legacy
2026-08-05 11:44,512170,医疗ETF,买入,0.337,A,79,,,,虚拟买入,legacy
2026-08-05 11:44,513180,恒生科技ETF,买入,0.623,A,73,,,,虚拟买入,legacy
2026-08-05 11:44,510880,红利ETF,买入,3.219,A,75,,,,虚拟买入,legacy
2026-08-05 11:44,518880,黄金ETF,买入,8.545,B,54,,,,虚拟买入,legacy
2026-08-05 11:44,159869,游戏ETF,买入,1.166,B,63,,,,虚拟买入,legacy
2026-08-05 11:44,601179,中国西电,买入,14.27,B,56,,,,待执行,legacy
2026-08-05 11:44,600089,特变电工,买入,21.41,B,60,,,,待执行,legacy
2026-08-05 11:44,600111,北方稀土,卖出/减仓,41.83,C,38,,,,待执行,legacy
2026-08-05 11:46,159516,半导体设备ETF,买入,0.699,D,25,,,,虚拟买入,legacy
2026-08-05 11:46,515880,通信ETF,买入,0.637,D,21,,,,虚拟买入,legacy
2026-08-05 11:46,159858,创新药ETF,买入,0.696,A,72,,,,虚拟买入,legacy
2026-08-05 11:46,512400,有色金属ETF,买入,1.891,A,67,,,,虚拟买入,legacy
2026-08-05 11:46,512170,医疗ETF,买入,0.337,A,79,,,,虚拟买入,legacy
2026-08-05 11:46,513180,恒生科技ETF,买入,0.623,A,73,,,,虚拟买入,legacy
2026-08-05 11:46,510880,红利ETF,买入,3.219,A,75,,,,虚拟买入,legacy
2026-08-05 11:46,518880,黄金ETF,买入,8.545,B,54,,,,虚拟买入,legacy
2026-08-05 11:46,159869,游戏ETF,买入,1.166,B,63,,,,虚拟买入,legacy
2026-08-05 11:46,601179,中国西电,买入,14.27,B,56,,,,待执行,legacy
2026-08-05 11:46,600089,特变电工,买入,21.41,B,60,,,,待执行,legacy
2026-08-05 11:46,600111,北方稀土,卖出/减仓,41.83,C,38,,,,待执行,legacy
2026-08-05 11:52,159516,半导体设备ETF,买入,0.699,D,25,,,,虚拟买入,legacy
2026-08-05 11:52,515880,通信ETF,买入,0.637,D,21,,,,虚拟买入,legacy
2026-08-05 11:52,159858,创新药ETF,买入,0.696,A,72,,,,虚拟买入,legacy
2026-08-05 11:52,512400,有色金属ETF,买入,1.891,A,67,,,,虚拟买入,legacy
2026-08-05 11:52,512170,医疗ETF,买入,0.337,A,79,,,,虚拟买入,legacy
2026-08-05 11:52,513180,恒生科技ETF,买入,0.623,A,73,,,,虚拟买入,legacy
2026-08-05 11:52,510880,红利ETF,买入,3.219,A,75,,,,虚拟买入,legacy
2026-08-05 11:52,518880,黄金ETF,买入,8.545,B,54,,,,虚拟买入,legacy
2026-08-05 11:52,159869,游戏ETF,买入,1.166,B,63,,,,虚拟买入,legacy
2026-08-05 11:52,601179,中国西电,买入,14.27,B,56,,,,待执行,legacy
2026-08-05 11:52,600089,特变电工,买入,21.41,B,60,,,,待执行,legacy
2026-08-05 11:52,600111,北方稀土,卖出/减仓,41.83,C,38,,,,待执行,legacy
2026-08-05 11:52,159516,半导体设备ETF,买入,0.699,D,25,,,,虚拟买入,legacy
2026-08-05 11:52,515880,通信ETF,买入,0.637,D,21,,,,虚拟买入,legacy
2026-08-05 11:52,159858,创新药ETF,买入,0.696,A,72,,,,虚拟买入,legacy
2026-08-05 11:52,512400,有色金属ETF,买入,1.891,A,67,,,,虚拟买入,legacy
2026-08-05 11:52,512170,医疗ETF,买入,0.337,A,79,,,,虚拟买入,legacy
2026-08-05 11:52,513180,恒生科技ETF,买入,0.623,A,73,,,,虚拟买入,legacy
2026-08-05 11:52,510880,红利ETF,买入,3.219,A,75,,,,虚拟买入,legacy
2026-08-05 11:52,518880,黄金ETF,买入,8.545,B,54,,,,虚拟买入,legacy
2026-08-05 11:52,159869,游戏ETF,买入,1.166,B,63,,,,虚拟买入,legacy
2026-08-05 11:52,601179,中国西电,买入,14.27,B,56,,,,待执行,legacy
2026-08-05 11:52,600089,特变电工,买入,21.41,B,60,,,,待执行,legacy
2026-08-05 11:52,600111,北方稀土,卖出/减仓,41.83,C,38,,,,待执行,legacy
2026-08-05 11:59,159858,创新药ETF,买入,0.696,A,72,医药,67,B,虚拟买入,legacy
2026-08-05 11:59,512400,有色金属ETF,买入,1.891,A,67,有色,67,B,虚拟买入,legacy
2026-08-05 11:59,512170,医疗ETF,买入,0.337,A,79,医药,67,B,虚拟买入,legacy
2026-08-05 11:59,513180,恒生科技ETF,买入,0.623,A,73,港股科技,67,B,虚拟买入,legacy
2026-08-05 11:59,510880,红利ETF,买入,3.219,A,75,红利,67,B,虚拟买入,legacy
2026-08-05 11:59,518880,黄金ETF,买入,8.545,B,54,黄金,67,B,虚拟买入,legacy
2026-08-05 11:59,159869,游戏ETF,买入,1.166,B,63,传媒,67,B,虚拟买入,legacy
2026-08-05 11:59,601179,中国西电,买入,14.27,B,56,电力设备,67,B,待执行,legacy
2026-08-05 11:59,600089,特变电工,买入,21.41,B,60,电力设备,67,B,待执行,legacy
2026-08-05 11:59,600111,北方稀土,卖出/减仓,41.83,C,38,稀土永磁,67,B,待执行,legacy
2026-08-05 13:30,159858,创新药ETF,买入,0.694,A,72,医药,69,B,虚拟买入,legacy
2026-08-05 13:30,512400,有色金属ETF,买入,1.893,A,67,有色,69,B,虚拟买入,legacy
2026-08-05 13:30,512170,医疗ETF,买入,0.338,A,79,医药,69,B,虚拟买入,legacy
2026-08-05 13:30,513180,恒生科技ETF,买入,0.623,A,73,港股科技,69,B,虚拟买入,legacy
2026-08-05 13:30,510880,红利ETF,买入,3.218,A,75,红利,69,B,虚拟买入,legacy
2026-08-05 13:30,518880,黄金ETF,买入,8.575,B,54,黄金,69,B,虚拟买入,legacy
2026-08-05 13:30,159869,游戏ETF,买入,1.164,B,63,传媒,69,B,虚拟买入,legacy
2026-08-05 13:30,002970,锐明技术,买入,53.97,B,52,电子,69,B,待执行,legacy
2026-08-05 13:30,601179,中国西电,买入,14.29,B,56,电力设备,69,B,待执行,legacy
2026-08-05 13:30,600089,特变电工,买入,21.43,B,61,电力设备,69,B,待执行,legacy
2026-08-05 13:30,600111,北方稀土,卖出/减仓,41.83,C,39,稀土永磁,69,B,待执行,legacy
2026-08-05 13:30,603296,华勤技术,买入,80.66,B,51,消费电子,69,B,待执行,legacy2026-08-05 13:55,,,买入,0.695,A,72,医药,69,B,待执行,v2.31
2026-08-05 13:55,512400,有色金属ETF,买入,1.903,A,68,有色,69,B,待执行,v2.31
2026-08-05 13:55,515220,煤炭ETF,买入,1.176,B,58,煤炭,69,B,待执行,v2.31
2026-08-05 13:55,512170,医疗ETF,买入,0.337,A,79,医药,69,B,待执行,v2.31
2026-08-05 13:55,513180,恒生科技ETF,买入,0.622,A,73,港股科技,69,B,待执行,v2.31
2026-08-05 13:55,510880,红利ETF,买入,3.228,A,76,红利,69,B,待执行,v2.31
2026-08-05 13:55,518880,黄金ETF,买入,8.62,B,58,黄金,69,B,待执行,v2.31
2026-08-05 13:55,159869,游戏ETF,买入,1.162,B,63,传媒,69,B,待执行,v2.31
2026-08-05 13:55,601179,中国西电,买入,14.31,B,56,电力设备,69,B,待执行,v2.31
2026-08-05 13:55,600089,特变电工,买入,21.44,B,61,电力设备,69,B,待执行,v2.31
2026-08-05 13:55,600111,北方稀土,卖出/减仓,41.81,C,39,稀土永磁,69,B,待执行,v2.31
2026-08-05 13:55,603296,华勤技术,买入,80.74,B,51,消费电子,69,B,待执行,v2.31
2026-08-05 14:03,159858,创新药ETF,买入,0.694,A,72,医药,69,B,待执行,v2.31
2026-08-05 14:03,512400,有色金属ETF,买入,1.901,A,68,有色,69,B,待执行,v2.31
2026-08-05 14:03,512170,医疗ETF,买入,0.336,A,78,医药,69,B,待执行,v2.31
2026-08-05 14:03,513180,恒生科技ETF,买入,0.623,A,73,港股科技,69,B,待执行,v2.31
2026-08-05 14:03,510880,红利ETF,买入,3.229,A,76,红利,69,B,待执行,v2.31
2026-08-05 14:03,518880,黄金ETF,买入,8.609,B,58,黄金,69,B,待执行,v2.31
2026-08-05 14:03,159869,游戏ETF,买入,1.157,B,62,传媒,69,B,待执行,v2.31
2026-08-05 14:03,601179,中国西电,买入,14.23,B,55,电力设备,69,B,待执行,v2.31
2026-08-05 14:03,600089,特变电工,买入,21.41,B,61,电力设备,69,B,待执行,v2.31
2026-08-05 14:03,600111,北方稀土,卖出/减仓,41.74,C,39,稀土永磁,69,B,待执行,v2.31
2026-08-05 14:45,159858,创新药ETF,买入,0.693,A,72,医药,69,B,待执行,v2.31
2026-08-05 14:45,512400,有色金属ETF,买入,1.902,A,68,有色,69,B,待执行,v2.31
2026-08-05 14:45,512170,医疗ETF,买入,0.337,A,79,医药,69,B,待执行,v2.31
2026-08-05 14:45,513180,恒生科技ETF,买入,0.623,A,73,港股科技,69,B,待执行,v2.31
2026-08-05 14:45,510880,红利ETF,买入,3.226,A,76,红利,69,B,待执行,v2.31
2026-08-05 14:45,518880,黄金ETF,买入,8.637,B,58,黄金,69,B,待执行,v2.31
2026-08-05 14:45,159869,游戏ETF,买入,1.155,B,61,传媒,69,B,待执行,v2.31
2026-08-05 14:45,601179,中国西电,买入,14.4,A,65,电力设备,69,B,待执行,v2.31
2026-08-05 14:45,600089,特变电工,买入,21.62,B,62,电力设备,69,B,待执行,v2.31
2026-08-05 14:45,600111,北方稀土,卖出/减仓,41.67,C,39,稀土永磁,69,B,待执行,v2.31
2026-08-05 15:02,159858,创新药ETF,买入,0.698,A,72,医药,72,B,待执行,v2.31
2026-08-05 15:02,512400,有色金属ETF,买入,1.903,A,68,有色,72,B,待执行,v2.31
2026-08-05 15:02,512170,医疗ETF,买入,0.337,S,80,医药,72,B,待执行,v2.31
2026-08-05 15:02,513180,恒生科技ETF,买入,0.624,A,73,港股科技,72,B,待执行,v2.31
2026-08-05 15:02,510880,红利ETF,买入,3.228,A,76,红利,72,B,待执行,v2.31
2026-08-05 15:02,518880,黄金ETF,买入,8.64,B,58,黄金,72,B,待执行,v2.31
2026-08-05 15:02,159869,游戏ETF,买入,1.156,B,62,传媒,72,B,待执行,v2.31
2026-08-05 15:02,601179,中国西电,买入,14.41,A,65,电力设备,72,B,待执行,v2.31
2026-08-05 15:02,600089,特变电工,买入,21.64,B,64,电力设备,72,B,待执行,v2.31
2026-08-05 15:02,600111,北方稀土,卖出/减仓,41.77,C,39,稀土永磁,72,B,待执行,v2.31
2026-08-05 15:06,159858,创新药ETF,买入,0.698,A,72,医药,72,B,待执行,v2.31
2026-08-05 15:06,512400,有色金属ETF,买入,1.903,A,68,有色,72,B,待执行,v2.31
2026-08-05 15:06,512170,医疗ETF,买入,0.337,S,80,医药,72,B,待执行,v2.31
2026-08-05 15:06,513180,恒生科技ETF,买入,0.624,A,73,港股科技,72,B,待执行,v2.31
2026-08-05 15:06,510880,红利ETF,买入,3.228,A,76,红利,72,B,待执行,v2.31
2026-08-05 15:06,518880,黄金ETF,买入,8.64,B,58,黄金,72,B,待执行,v2.31
2026-08-05 15:06,159869,游戏ETF,买入,1.156,B,62,传媒,72,B,待执行,v2.31
2026-08-05 15:06,601179,中国西电,买入,14.41,A,65,电力设备,72,B,待执行,v2.31
2026-08-05 15:06,600089,特变电工,买入,21.64,B,64,电力设备,72,B,待执行,v2.31
2026-08-05 15:06,600111,北方稀土,卖出/减仓,41.77,C,39,稀土永磁,72,B,待执行,v2.31
2026-08-05 15:08,159858,创新药ETF,买入,0.698,A,72,医药,72,B,待执行,v2.31
2026-08-05 15:08,512400,有色金属ETF,买入,1.903,A,68,有色,72,B,待执行,v2.31
2026-08-05 15:08,512170,医疗ETF,买入,0.337,S,80,医药,72,B,待执行,v2.31
2026-08-05 15:08,513180,恒生科技ETF,买入,0.624,A,73,港股科技,72,B,待执行,v2.31
2026-08-05 15:08,510880,红利ETF,买入,3.228,A,76,红利,72,B,待执行,v2.31
2026-08-05 15:08,518880,黄金ETF,买入,8.64,B,58,黄金,72,B,待执行,v2.31
2026-08-05 15:08,159869,游戏ETF,买入,1.156,B,62,传媒,72,B,待执行,v2.31
2026-08-05 15:08,601179,中国西电,买入,14.41,A,65,电力设备,72,B,待执行,v2.31
2026-08-05 15:08,600089,特变电工,买入,21.64,B,64,电力设备,72,B,待执行,v2.31
2026-08-05 15:08,600111,北方稀土,卖出/减仓,41.77,C,39,稀土永磁,72,B,待执行,v2.31
2026-08-05 15:08,159858,创新药ETF,买入,0.698,A,72,医药,72,B,待执行,v2.31
2026-08-05 15:08,512400,有色金属ETF,买入,1.903,A,68,有色,72,B,待执行,v2.31
2026-08-05 15:08,512170,医疗ETF,买入,0.337,S,80,医药,72,B,待执行,v2.31
2026-08-05 15:08,513180,恒生科技ETF,买入,0.624,A,73,港股科技,72,B,待执行,v2.31
2026-08-05 15:08,510880,红利ETF,买入,3.228,A,76,红利,72,B,待执行,v2.31
2026-08-05 15:08,518880,黄金ETF,买入,8.64,B,58,黄金,72,B,待执行,v2.31
2026-08-05 15:08,159869,游戏ETF,买入,1.156,B,62,传媒,72,B,待执行,v2.31
2026-08-05 15:08,601179,中国西电,买入,14.41,A,65,电力设备,72,B,待执行,v2.31
2026-08-05 15:08,600089,特变电工,买入,21.64,B,64,电力设备,72,B,待执行,v2.31
2026-08-05 15:08,600111,北方稀土,卖出/减仓,41.77,C,39,稀土永磁,72,B,待执行,v2.31
2026-08-05 15:08,159858,创新药ETF,买入,0.698,A,72,医药,72,B,待执行,v2.31
2026-08-05 15:08,512400,有色金属ETF,买入,1.903,A,68,有色,72,B,待执行,v2.31
2026-08-05 15:08,512170,医疗ETF,买入,0.337,S,80,医药,72,B,待执行,v2.31
2026-08-05 15:08,513180,恒生科技ETF,买入,0.624,A,73,港股科技,72,B,待执行,v2.31
2026-08-05 15:08,510880,红利ETF,买入,3.228,A,76,红利,72,B,待执行,v2.31
2026-08-05 15:08,518880,黄金ETF,买入,8.64,B,58,黄金,72,B,待执行,v2.31
2026-08-05 15:08,159869,游戏ETF,买入,1.156,B,62,传媒,72,B,待执行,v2.31
2026-08-05 15:08,601179,中国西电,买入,14.41,A,65,电力设备,72,B,待执行,v2.31
2026-08-05 15:08,600089,特变电工,买入,21.64,B,64,电力设备,72,B,待执行,v2.31
2026-08-05 15:08,600111,北方稀土,卖出/减仓,41.77,C,39,稀土永磁,72,B,待执行,v2.31
2026-08-05 18:32,159858,创新药ETF,买入,0.698,A,75,医药,53,C,待执行,v2.31
2026-08-05 18:32,512400,有色金属ETF,买入,1.903,A,69,有色,53,C,待执行,v2.31
2026-08-05 18:32,512170,医疗ETF,买入,0.337,A,74,医药,53,C,待执行,v2.31
2026-08-05 18:32,513180,恒生科技ETF,买入,0.624,A,76,港股科技,53,C,待执行,v2.31
2026-08-05 18:32,510880,红利ETF,买入,3.228,A,67,红利,53,C,待执行,v2.31
2026-08-05 18:32,518880,黄金ETF,买入,8.64,B,64,黄金,53,C,待执行,v2.31
2026-08-05 18:32,159869,游戏ETF,买入,1.156,B,59,传媒,53,C,待执行,v2.31
2026-08-05 18:32,002970,锐明技术,买入,53.12,B,53,电子,53,C,待执行,v2.31
2026-08-05 18:32,601179,中国西电,买入,14.41,B,59,电力设备,53,C,待执行,v2.31
2026-08-05 18:32,600089,特变电工,买入,21.64,B,64,电力设备,53,C,待执行,v2.31
2026-08-05 18:32,600111,北方稀土,卖出/减仓,41.77,C,43,稀土永磁,53,C,待执行,v2.31
2026-08-05 18:32,002181,粤传媒,买入,9.87,A,65,传媒,53,C,待执行,v2.31
2026-08-06 09:26,600111,北方稀土,卖出/减仓,42.14,C,42,稀土永磁,29,D,待执行,v2.31
2026-08-06 09:32,600111,北方稀土,卖出/减仓,41.99,C,43,稀土永磁,47,D,待执行,v2.31
2026-08-06 09:43,512400,有色金属ETF,买入,1.942,A,70,有色,50,C,虚拟买入,v2.31
2026-08-06 09:43,515220,煤炭ETF,买入,1.19,B,51,煤炭,50,C,虚拟买入,v2.31
2026-08-06 09:43,512170,医疗ETF,买入,0.335,A,74,医药,50,C,虚拟买入,v2.31
2026-08-06 09:43,513180,恒生科技ETF,买入,0.615,A,72,港股科技,50,C,虚拟买入,v2.31
2026-08-06 09:43,510880,红利ETF,买入,3.24,A,69,红利,50,C,虚拟买入,v2.31
2026-08-06 09:43,518880,黄金ETF,买入,8.87,A,70,黄金,50,C,虚拟买入,v2.31
2026-08-06 09:43,159869,游戏ETF,买入,1.161,B,60,传媒,50,C,虚拟买入,v2.31
2026-08-06 09:43,002970,锐明技术,买入,53.49,B,53,电子,50,C,待执行,v2.31
2026-08-06 09:43,601179,中国西电,买入,14.24,B,54,电力设备,50,C,虚拟买入,v2.31
2026-08-06 09:43,600089,特变电工,买入,21.51,B,58,电力设备,50,C,虚拟买入,v2.31
2026-08-06 09:43,600111,北方稀土,卖出/减仓,41.8,C,43,稀土永磁,50,C,待执行,v2.31
2026-08-06 09:43,603629,利通电子,买入,116.94,B,50,电子,50,C,待执行,v2.31
2026-08-06 09:43,002842,翔鹭钨业,买入,35.8,B,51,有色,50,C,虚拟买入,v2.31
2026-08-06 09:43,002181,粤传媒,买入,9.39,B,59,传媒,50,C,虚拟买入,v2.31
2026-08-06 09:58,512400,有色金属ETF,买入,1.941,A,70,有色,50,C,虚拟买入,v2.31
2026-08-06 09:58,515220,煤炭ETF,买入,1.195,B,51,煤炭,50,C,虚拟买入,v2.31
2026-08-06 09:58,512170,医疗ETF,买入,0.334,A,73,医药,50,C,虚拟买入,v2.31
2026-08-06 09:58,513180,恒生科技ETF,买入,0.613,A,72,港股科技,50,C,虚拟买入,v2.31
2026-08-06 09:58,510880,红利ETF,买入,3.238,A,69,红利,50,C,虚拟买入,v2.31
2026-08-06 09:58,518880,黄金ETF,买入,8.871,A,70,黄金,50,C,虚拟买入,v2.31
2026-08-06 09:58,159869,游戏ETF,买入,1.147,B,59,传媒,50,C,虚拟买入,v2.31
2026-08-06 09:58,002970,锐明技术,买入,53.65,B,54,电子,50,C,待执行,v2.31
2026-08-06 09:58,601179,中国西电,买入,14.12,B,54,电力设备,50,C,虚拟买入,v2.31
2026-08-06 09:58,600089,特变电工,买入,21.39,B,58,电力设备,50,C,虚拟买入,v2.31
2026-08-06 09:58,600111,北方稀土,卖出/减仓,42.87,C,49,稀土永磁,50,C,待执行,v2.31
2026-08-06 09:58,603629,利通电子,买入,119.95,B,53,电子,50,C,待执行,v2.31
2026-08-06 09:58,002842,翔鹭钨业,买入,36.03,B,51,有色,50,C,虚拟买入,v2.31
2026-08-06 09:58,002181,粤传媒,买入,9.32,B,57,传媒,50,C,虚拟买入,v2.31
2026-08-06 10:49,159858,创新药ETF,买入,0.69,A,74,医药,63,C,待执行,v2.31
2026-08-06 10:49,512400,有色金属ETF,买入,1.924,A,69,有色,63,C,虚拟买入,v2.31
2026-08-06 10:49,515220,煤炭ETF,买入,1.198,B,51,煤炭,63,C,虚拟买入,v2.31
2026-08-06 10:49,512170,医疗ETF,买入,0.334,A,73,医药,63,C,虚拟买入,v2.31
2026-08-06 10:49,513180,恒生科技ETF,买入,0.615,A,72,港股科技,63,C,虚拟买入,v2.31
2026-08-06 10:49,510880,红利ETF,买入,3.228,A,67,红利,63,C,虚拟买入,v2.31
2026-08-06 10:49,518880,黄金ETF,买入,8.85,A,70,黄金,63,C,虚拟买入,v2.31
2026-08-06 10:49,159869,游戏ETF,买入,1.141,B,59,传媒,63,C,虚拟买入,v2.31
2026-08-06 10:49,002970,锐明技术,买入,53.7,B,54,电子,63,C,待执行,v2.31
2026-08-06 10:49,601179,中国西电,买入,14.08,B,54,电力设备,63,C,虚拟买入,v2.31
2026-08-06 10:49,600089,特变电工,买入,21.23,B,58,电力设备,63,C,虚拟买入,v2.31
2026-08-06 10:49,600111,北方稀土,卖出/减仓,42.15,C,43,稀土永磁,63,C,待执行,v2.31
2026-08-06 10:49,603629,利通电子,买入,123.92,B,54,电子,63,C,待执行,v2.31
2026-08-06 10:49,603296,华勤技术,买入,81.97,B,50,消费电子,63,C,待执行,v2.31
2026-08-06 10:49,002842,翔鹭钨业,买入,36.85,B,55,有色,63,C,虚拟买入,v2.31
2026-08-06 10:49,002181,粤传媒,买入,9.31,B,57,传媒,63,C,虚拟买入,v2.31
2026-08-06 11:04,518880,黄金ETF,买入,8.845,A,69,黄金,53,C,虚拟买入,v2.31
2026-08-06 11:04,159858,创新药ETF,买入,0.69,A,74,医药,53,C,待执行,v2.31
2026-08-06 11:04,512400,有色金属ETF,买入,1.919,A,69,有色,53,C,虚拟买入,v2.31
2026-08-06 11:04,515220,煤炭ETF,买入,1.196,B,51,煤炭,53,C,虚拟买入,v2.31
2026-08-06 11:04,512170,医疗ETF,买入,0.333,A,72,医药,53,C,虚拟买入,v2.31
2026-08-06 11:04,513180,恒生科技ETF,买入,0.614,A,72,港股科技,53,C,虚拟买入,v2.31
2026-08-06 11:04,510880,红利ETF,买入,3.226,A,67,红利,53,C,虚拟买入,v2.31
2026-08-06 11:04,159869,游戏ETF,买入,1.14,B,59,传媒,53,C,虚拟买入,v2.31
2026-08-06 11:04,002970,锐明技术,买入,53.54,B,53,电子,53,C,待执行,v2.31
2026-08-06 11:04,601179,中国西电,买入,14.04,B,54,电力设备,53,C,虚拟买入,v2.31
2026-08-06 11:04,600089,特变电工,买入,21.21,B,58,电力设备,53,C,虚拟买入,v2.31
2026-08-06 11:04,603629,利通电子,买入,123.92,B,54,电子,53,C,待执行,v2.31
2026-08-06 11:04,603296,华勤技术,买入,81.25,B,50,消费电子,53,C,待执行,v2.31
2026-08-06 11:04,002842,翔鹭钨业,买入,36.59,B,55,有色,53,C,虚拟买入,v2.31
2026-08-06 11:04,002181,粤传媒,买入,9.31,B,57,传媒,53,C,虚拟买入,v2.31
2026-08-06 11:11,518880,黄金ETF,买入,8.854,A,70,黄金,53,C,虚拟买入,v2.31
2026-08-06 11:11,159858,创新药ETF,买入,0.692,A,74,医药,53,C,待执行,v2.31
2026-08-06 11:11,512400,有色金属ETF,买入,1.926,A,70,有色,53,C,虚拟买入,v2.31
2026-08-06 11:11,515220,煤炭ETF,买入,1.204,B,52,煤炭,53,C,虚拟买入,v2.31
2026-08-06 11:11,512170,医疗ETF,买入,0.334,A,73,医药,53,C,虚拟买入,v2.31
2026-08-06 11:11,513180,恒生科技ETF,买入,0.613,A,72,港股科技,53,C,虚拟买入,v2.31
2026-08-06 11:11,510880,红利ETF,买入,3.237,A,69,红利,53,C,虚拟买入,v2.31
2026-08-06 11:11,159869,游戏ETF,买入,1.144,B,59,传媒,53,C,虚拟买入,v2.31
2026-08-06 11:11,002970,锐明技术,买入,53.37,B,53,电子,53,C,待执行,v2.31
2026-08-06 11:11,601179,中国西电,买入,14.09,B,54,电力设备,53,C,虚拟买入,v2.31
2026-08-06 11:11,600089,特变电工,买入,21.25,B,58,电力设备,53,C,虚拟买入,v2.31
2026-08-06 11:11,603629,利通电子,买入,123.92,B,54,电子,53,C,待执行,v2.31
2026-08-06 11:11,603296,华勤技术,买入,80.8,B,50,消费电子,53,C,待执行,v2.31
2026-08-06 11:11,002842,翔鹭钨业,买入,36.26,B,55,有色,53,C,虚拟买入,v2.31
2026-08-06 11:11,002181,粤传媒,买入,9.36,B,58,传媒,53,C,虚拟买入,v2.31
2026-08-06 11:19,518880,黄金ETF,买入,8.824,A,68,黄金,53,C,虚拟买入,v2.31
2026-08-06 11:19,159858,创新药ETF,买入,0.691,A,74,医药,53,C,待执行,v2.31
2026-08-06 11:19,512400,有色金属ETF,买入,1.909,A,69,有色,53,C,虚拟买入,v2.31
2026-08-06 11:19,515220,煤炭ETF,买入,1.204,B,52,煤炭,53,C,虚拟买入,v2.31
2026-08-06 11:19,512170,医疗ETF,买入,0.333,A,72,医药,53,C,虚拟买入,v2.31
2026-08-06 11:19,513180,恒生科技ETF,买入,0.61,A,72,港股科技,53,C,虚拟买入,v2.31
2026-08-06 11:19,510880,红利ETF,买入,3.239,A,69,红利,53,C,虚拟买入,v2.31
2026-08-06 11:19,159869,游戏ETF,买入,1.137,B,59,传媒,53,C,虚拟买入,v2.31
2026-08-06 11:19,002970,锐明技术,买入,53.1,B,53,电子,53,C,待执行,v2.31
2026-08-06 11:19,601179,中国西电,买入,14.04,B,54,电力设备,53,C,虚拟买入,v2.31
2026-08-06 11:19,600089,特变电工,买入,21.14,B,58,电力设备,53,C,虚拟买入,v2.31
2026-08-06 11:19,603629,利通电子,买入,123.92,B,54,电子,53,C,待执行,v2.31
2026-08-06 11:19,002842,翔鹭钨业,买入,36.2,B,55,有色,53,C,虚拟买入,v2.31
2026-08-06 11:19,002181,粤传媒,买入,9.3,B,57,传媒,53,C,虚拟买入,v2.31
2026-08-06 13:49,518880,黄金ETF,买入,8.821,A,68,黄金,53,C,虚拟买入,v2.31
2026-08-06 13:49,512400,有色金属ETF,买入,1.905,A,69,有色,53,C,虚拟买入,v2.31
2026-08-06 13:49,515220,煤炭ETF,买入,1.225,B,55,煤炭,53,C,虚拟买入,v2.31
2026-08-06 13:49,512170,医疗ETF,买入,0.332,A,72,医药,53,C,虚拟买入,v2.31
2026-08-06 13:49,513180,恒生科技ETF,买入,0.61,A,72,港股科技,53,C,虚拟买入,v2.31
2026-08-06 13:49,510880,红利ETF,买入,3.263,A,69,红利,53,C,虚拟买入,v2.31
2026-08-06 13:49,159869,游戏ETF,买入,1.132,B,56,传媒,53,C,虚拟买入,v2.31
2026-08-06 13:49,002970,锐明技术,买入,53.15,B,53,电子,53,C,待执行,v2.31
2026-08-06 13:49,601179,中国西电,买入,13.97,B,54,电力设备,53,C,虚拟买入,v2.31
2026-08-06 13:49,600089,特变电工,买入,21.17,B,58,电力设备,53,C,虚拟买入,v2.31
2026-08-06 13:49,603629,利通电子,买入,123.02,B,54,电子,53,C,待执行,v2.31
2026-08-06 13:49,002842,翔鹭钨业,买入,36.0,B,51,有色,53,C,虚拟买入,v2.31
2026-08-06 13:49,002181,粤传媒,买入,9.26,B,57,传媒,53,C,虚拟买入,v2.31
2026-08-06 14:02,518880,黄金ETF,买入,8.822,A,68,黄金,53,C,虚拟买入,v2.31
2026-08-06 14:02,512400,有色金属ETF,买入,1.909,A,69,有色,53,C,虚拟买入,v2.31
2026-08-06 14:02,515220,煤炭ETF,买入,1.239,B,57,煤炭,53,C,虚拟买入,v2.31
2026-08-06 14:02,512170,医疗ETF,买入,0.332,A,72,医药,53,C,虚拟买入,v2.31
2026-08-06 14:02,513180,恒生科技ETF,买入,0.611,A,72,港股科技,53,C,虚拟买入,v2.31
2026-08-06 14:02,510880,红利ETF,买入,3.288,A,69,红利,53,C,虚拟买入,v2.31
2026-08-06 14:02,159869,游戏ETF,买入,1.129,B,56,传媒,53,C,虚拟买入,v2.31
2026-08-06 14:02,002970,锐明技术,买入,53.08,B,53,电子,53,C,待执行,v2.31
2026-08-06 14:02,601179,中国西电,买入,14.01,B,54,电力设备,53,C,虚拟买入,v2.31
2026-08-06 14:02,600089,特变电工,买入,21.21,B,58,电力设备,53,C,虚拟买入,v2.31
2026-08-06 14:02,603629,利通电子,买入,122.43,B,54,电子,53,C,待执行,v2.31
2026-08-06 14:02,002842,翔鹭钨业,买入,36.58,B,55,有色,53,C,虚拟买入,v2.31
2026-08-06 14:02,002181,粤传媒,买入,9.25,B,57,传媒,53,C,虚拟买入,v2.31
2026-08-06 14:09,518880,黄金ETF,买入,8.813,A,67,黄金,53,C,虚拟买入,v2.31
2026-08-06 14:09,512400,有色金属ETF,买入,1.908,A,69,有色,53,C,虚拟买入,v2.31
2026-08-06 14:09,515220,煤炭ETF,买入,1.244,B,57,煤炭,53,C,虚拟买入,v2.31
2026-08-06 14:09,512170,医疗ETF,买入,0.331,A,72,医药,53,C,虚拟买入,v2.31
2026-08-06 14:09,513180,恒生科技ETF,买入,0.61,A,72,港股科技,53,C,虚拟买入,v2.31
2026-08-06 14:09,510880,红利ETF,买入,3.293,A,69,红利,53,C,虚拟买入,v2.31
2026-08-06 14:09,159869,游戏ETF,买入,1.129,B,56,传媒,53,C,虚拟买入,v2.31
2026-08-06 14:09,002970,锐明技术,买入,53.01,B,53,电子,53,C,待执行,v2.31
2026-08-06 14:09,601179,中国西电,买入,13.98,B,54,电力设备,53,C,虚拟买入,v2.31
2026-08-06 14:09,600089,特变电工,买入,21.19,B,58,电力设备,53,C,虚拟买入,v2.31
2026-08-06 14:09,603629,利通电子,买入,121.6,B,54,电子,53,C,待执行,v2.31
2026-08-06 14:09,002842,翔鹭钨业,买入,36.2,B,55,有色,53,C,虚拟买入,v2.31
2026-08-06 14:09,002181,粤传媒,买入,9.25,B,57,传媒,53,C,虚拟买入,v2.31
2026-08-06 14:46,518880,黄金ETF,买入,8.805,A,67,黄金,53,C,虚拟买入,v2.31
2026-08-06 14:46,512400,有色金属ETF,买入,1.909,A,69,有色,53,C,虚拟买入,v2.31
2026-08-06 14:46,515220,煤炭ETF,买入,1.24,B,57,煤炭,53,C,虚拟买入,v2.31
2026-08-06 14:46,512170,医疗ETF,买入,0.331,A,72,医药,53,C,虚拟买入,v2.31
2026-08-06 14:46,513180,恒生科技ETF,买入,0.609,A,72,港股科技,53,C,虚拟买入,v2.31
2026-08-06 14:46,510880,红利ETF,买入,3.287,A,69,红利,53,C,虚拟买入,v2.31
2026-08-06 14:46,159869,游戏ETF,买入,1.132,B,56,传媒,53,C,虚拟买入,v2.31
2026-08-06 14:46,002970,锐明技术,买入,53.39,B,53,电子,53,C,待执行,v2.31
2026-08-06 14:46,601179,中国西电,买入,14.0,B,54,电力设备,53,C,虚拟买入,v2.31
2026-08-06 14:46,600089,特变电工,买入,21.21,B,58,电力设备,53,C,虚拟买入,v2.31
2026-08-06 14:46,603629,利通电子,买入,121.78,B,54,电子,53,C,待执行,v2.31
2026-08-06 14:46,603296,华勤技术,买入,81.23,B,50,消费电子,53,C,待执行,v2.31
2026-08-06 14:46,002842,翔鹭钨业,买入,36.69,B,55,有色,53,C,虚拟买入,v2.31
2026-08-06 14:46,002181,粤传媒,买入,9.32,B,57,传媒,53,C,虚拟买入,v2.312026-08-07 09:33,,,买入,8.785,B,62,黄金,57,C,待执行,v2.31
2026-08-07 09:33,512400,有色金属ETF,买入,1.918,A,66,有色,57,C,虚拟买入,v2.31
2026-08-07 09:33,515220,煤炭ETF,买入,1.225,A,67,煤炭,57,C,虚拟买入,v2.31
2026-08-07 09:33,512170,医疗ETF,买入,0.332,A,74,医药,57,C,虚拟买入,v2.31
2026-08-07 09:33,513180,恒生科技ETF,买入,0.61,A,69,港股科技,57,C,虚拟买入,v2.31
2026-08-07 09:33,510880,红利ETF,买入,3.27,A,77,红利,57,C,虚拟买入,v2.31
2026-08-07 09:33,159869,游戏ETF,买入,1.121,B,59,传媒,57,C,虚拟买入,v2.31
2026-08-07 09:33,601179,中国西电,买入,13.86,B,53,电力设备,57,C,虚拟买入,v2.31
2026-08-07 09:33,600089,特变电工,买入,21.13,B,60,电力设备,57,C,虚拟买入,v2.31
2026-08-07 09:33,600111,北方稀土,买入,41.72,B,51,稀土永磁,57,C,虚拟买入,v2.31
2026-08-07 09:33,603629,利通电子,买入,122.98,B,52,电子,57,C,待执行,v2.31
2026-08-07 09:33,002842,翔鹭钨业,买入,37.0,B,59,有色,57,C,虚拟买入,v2.31
2026-08-07 09:33,002181,粤传媒,买入,9.05,B,55,传媒,57,C,虚拟买入,v2.31
2026-08-07 09:58,518880,黄金ETF,买入,8.813,A,68,黄金,60,C,待执行,v2.31
2026-08-07 09:58,159858,创新药ETF,买入,0.699,A,72,医药,60,C,虚拟买入,v2.31
2026-08-07 09:58,512400,有色金属ETF,买入,1.959,A,67,有色,60,C,虚拟买入,v2.31
2026-08-07 09:58,515220,煤炭ETF,买入,1.22,A,67,煤炭,60,C,虚拟买入,v2.31
2026-08-07 09:58,512170,医疗ETF,买入,0.334,A,74,医药,60,C,虚拟买入,v2.31
2026-08-07 09:58,513180,恒生科技ETF,买入,0.607,A,69,港股科技,60,C,虚拟买入,v2.31
2026-08-07 09:58,510880,红利ETF,买入,3.277,A,77,红利,60,C,虚拟买入,v2.31
2026-08-07 09:58,159869,游戏ETF,买入,1.113,B,57,传媒,60,C,虚拟买入,v2.31
2026-08-07 09:58,601179,中国西电,买入,13.9,B,53,电力设备,60,C,虚拟买入,v2.31
2026-08-07 09:58,600089,特变电工,买入,21.18,B,60,电力设备,60,C,虚拟买入,v2.31
2026-08-07 09:58,600111,北方稀土,买入,44.43,B,63,稀土永磁,60,C,虚拟买入,v2.31
2026-08-07 09:58,603629,利通电子,买入,123.9,B,57,电子,60,C,待执行,v2.31
2026-08-07 09:58,002842,翔鹭钨业,买入,37.16,B,59,有色,60,C,虚拟买入,v2.31
2026-08-07 09:58,002181,粤传媒,买入,8.94,B,55,传媒,60,C,虚拟买入,v2.31
2026-08-07 11:10,510300,沪深300ETF,买入,4.744,B,50,宽基,60,C,待执行,v2.31
2026-08-07 11:10,518880,黄金ETF,买入,8.804,A,68,黄金,60,C,待执行,v2.31
2026-08-07 11:10,159858,创新药ETF,买入,0.715,A,75,医药,60,C,虚拟买入,v2.31
2026-08-07 11:10,512400,有色金属ETF,买入,1.962,A,67,有色,60,C,虚拟买入,v2.31
2026-08-07 11:10,515220,煤炭ETF,买入,1.224,A,67,煤炭,60,C,虚拟买入,v2.31
2026-08-07 11:10,512170,医疗ETF,买入,0.341,A,76,医药,60,C,虚拟买入,v2.31
2026-08-07 11:10,513180,恒生科技ETF,买入,0.61,A,69,港股科技,60,C,虚拟买入,v2.31
2026-08-07 11:10,510880,红利ETF,买入,3.281,A,77,红利,60,C,虚拟买入,v2.31
2026-08-07 11:10,159869,游戏ETF,买入,1.124,B,59,传媒,60,C,虚拟买入,v2.31
2026-08-07 11:10,601179,中国西电,买入,13.92,B,53,电力设备,60,C,虚拟买入,v2.31
2026-08-07 11:10,600089,特变电工,买入,21.18,B,60,电力设备,60,C,虚拟买入,v2.31
2026-08-07 11:10,600111,北方稀土,买入,44.13,B,62,稀土永磁,60,C,虚拟买入,v2.31
2026-08-07 11:10,603629,利通电子,买入,125.55,B,58,电子,60,C,待执行,v2.31
2026-08-07 11:10,002842,翔鹭钨业,买入,37.6,B,60,有色,60,C,虚拟买入,v2.31
2026-08-07 11:10,002181,粤传媒,买入,9.04,B,55,传媒,60,C,虚拟买入,v2.31
2026-08-07 11:10,002900,哈三联,买入,13.48,A,77,其他,60,C,待执行,v2.31
2026-08-07 13:40,510300,沪深300ETF,买入,4.759,B,53,宽基,63,C,待执行,v2.31
2026-08-07 13:40,518880,黄金ETF,买入,8.84,A,68,黄金,63,C,待执行,v2.31
2026-08-07 13:40,159858,创新药ETF,买入,0.72,A,75,医药,63,C,虚拟买入,v2.31
2026-08-07 13:40,512400,有色金属ETF,买入,1.975,A,67,有色,63,C,虚拟买入,v2.31
2026-08-07 13:40,515220,煤炭ETF,买入,1.228,A,67,煤炭,63,C,虚拟买入,v2.31
2026-08-07 13:40,512170,医疗ETF,买入,0.342,A,76,医药,63,C,虚拟买入,v2.31
2026-08-07 13:40,513180,恒生科技ETF,买入,0.611,A,69,港股科技,63,C,虚拟买入,v2.31
2026-08-07 13:40,510880,红利ETF,买入,3.274,A,77,红利,63,C,虚拟买入,v2.31
2026-08-07 13:40,159869,游戏ETF,买入,1.128,B,59,传媒,63,C,虚拟买入,v2.31
2026-08-07 13:40,601179,中国西电,买入,13.95,B,53,电力设备,63,C,虚拟买入,v2.31
2026-08-07 13:40,600089,特变电工,买入,21.27,B,60,电力设备,63,C,虚拟买入,v2.31
2026-08-07 13:40,600111,北方稀土,买入,44.14,B,62,稀土永磁,63,C,虚拟买入,v2.31
2026-08-07 13:40,603629,利通电子,买入,128.08,B,59,电子,63,C,待执行,v2.31
2026-08-07 13:40,002842,翔鹭钨业,买入,37.66,B,60,有色,63,C,虚拟买入,v2.31
2026-08-07 13:40,002181,粤传媒,买入,9.13,B,56,传媒,63,C,虚拟买入,v2.31
2026-08-07 13:40,600535,天士力,买入,15.68,A,77,其他,63,C,待执行,v2.31
2026-08-07 13:40,002317,众生药业,买入,28.38,A,74,其他,63,C,待执行,v2.31
2026-08-07 13:40,603456,九洲药业,买入,16.18,A,76,其他,63,C,待执行,v2.31
2026-08-07 13:40,600488,津药药业,买入,5.9,A,76,其他,63,C,待执行,v2.31
2026-08-07 14:21,518880,黄金ETF,买入,8.875,A,68,黄金,63,C,待执行,v2.31
2026-08-07 14:21,159858,创新药ETF,买入,0.727,A,75,医药,63,C,虚拟买入,v2.31
2026-08-07 14:21,512400,有色金属ETF,买入,1.975,A,67,有色,63,C,虚拟买入,v2.31
2026-08-07 14:21,515220,煤炭ETF,买入,1.233,A,68,煤炭,63,C,虚拟买入,v2.31
2026-08-07 14:21,512170,医疗ETF,买入,0.344,A,76,医药,63,C,虚拟买入,v2.31
2026-08-07 14:21,513180,恒生科技ETF,买入,0.611,A,69,港股科技,63,C,虚拟买入,v2.31
2026-08-07 14:21,510880,红利ETF,买入,3.284,A,78,红利,63,C,虚拟买入,v2.31
2026-08-07 14:21,159869,游戏ETF,买入,1.125,B,59,传媒,63,C,虚拟买入,v2.31
2026-08-07 14:21,601179,中国西电,买入,13.97,B,53,电力设备,63,C,虚拟买入,v2.31
2026-08-07 14:21,600089,特变电工,买入,21.24,B,60,电力设备,63,C,虚拟买入,v2.31
2026-08-07 14:21,600111,北方稀土,买入,44.08,B,62,稀土永磁,63,C,虚拟买入,v2.31
2026-08-07 14:21,603629,利通电子,买入,126.1,B,58,电子,63,C,待执行,v2.31
2026-08-07 14:21,002842,翔鹭钨业,买入,39.59,A,65,有色,63,C,虚拟买入,v2.31
2026-08-07 14:21,002181,粤传媒,买入,9.08,B,55,传媒,63,C,虚拟买入,v2.31
2026-08-07 14:21,600535,天士力,买入,15.73,A,77,其他,63,C,待执行,v2.31
2026-08-07 14:21,002317,众生药业,买入,28.45,A,74,其他,63,C,待执行,v2.31
2026-08-07 14:21,603456,九洲药业,买入,16.43,A,76,其他,63,C,待执行,v2.31
2026-08-07 14:21,600488,津药药业,买入,5.9,A,76,其他,63,C,待执行,v2.31
2026-08-07 14:21,518880,黄金ETF,买入,8.876,A,68,黄金,60,C,待执行,v2.31
2026-08-07 14:21,159858,创新药ETF,买入,0.727,A,75,医药,60,C,虚拟买入,v2.31
2026-08-07 14:21,512400,有色金属ETF,买入,1.976,A,67,有色,60,C,虚拟买入,v2.31
2026-08-07 14:21,515220,煤炭ETF,买入,1.233,A,68,煤炭,60,C,虚拟买入,v2.31
2026-08-07 14:21,512170,医疗ETF,买入,0.344,A,76,医药,60,C,虚拟买入,v2.31
2026-08-07 14:21,513180,恒生科技ETF,买入,0.611,A,69,港股科技,60,C,虚拟买入,v2.31
2026-08-07 14:21,510880,红利ETF,买入,3.284,A,78,红利,60,C,虚拟买入,v2.31
2026-08-07 14:21,159869,游戏ETF,买入,1.126,B,59,传媒,60,C,虚拟买入,v2.31
2026-08-07 14:21,601179,中国西电,买入,13.97,B,53,电力设备,60,C,虚拟买入,v2.31
2026-08-07 14:21,600089,特变电工,买入,21.24,B,60,电力设备,60,C,虚拟买入,v2.31
2026-08-07 14:21,600111,北方稀土,买入,44.09,B,62,稀土永磁,60,C,虚拟买入,v2.31
2026-08-07 14:21,603629,利通电子,买入,126.15,B,58,电子,60,C,待执行,v2.31
2026-08-07 14:21,002842,翔鹭钨业,买入,39.56,A,65,有色,60,C,虚拟买入,v2.31
2026-08-07 14:21,002181,粤传媒,买入,9.08,B,55,传媒,60,C,虚拟买入,v2.31
2026-08-07 14:21,600535,天士力,买入,15.72,A,77,其他,60,C,待执行,v2.31
2026-08-07 14:21,002317,众生药业,买入,28.47,A,74,其他,60,C,待执行,v2.31
2026-08-07 14:21,603456,九洲药业,买入,16.42,A,76,其他,60,C,待执行,v2.31
2026-08-07 14:21,600488,津药药业,买入,5.9,A,76,其他,60,C,待执行,v2.31
2026-08-07 14:45,510300,沪深300ETF,买入,4.749,B,50,宽基,64,C,待执行,v2.31
2026-08-07 14:45,518880,黄金ETF,买入,8.882,A,68,黄金,64,C,待执行,v2.31
2026-08-07 14:45,159858,创新药ETF,买入,0.731,A,76,医药,64,C,虚拟买入,v2.31
2026-08-07 14:45,512400,有色金属ETF,买入,1.982,A,67,有色,64,C,虚拟买入,v2.31
2026-08-07 14:45,515220,煤炭ETF,买入,1.231,A,68,煤炭,64,C,虚拟买入,v2.31
2026-08-07 14:45,512170,医疗ETF,买入,0.345,A,76,医药,64,C,虚拟买入,v2.31
2026-08-07 14:45,513180,恒生科技ETF,买入,0.611,A,69,港股科技,64,C,虚拟买入,v2.31
2026-08-07 14:45,510880,红利ETF,买入,3.285,A,78,红利,64,C,虚拟买入,v2.31
2026-08-07 14:45,159869,游戏ETF,买入,1.13,B,59,传媒,64,C,虚拟买入,v2.31
2026-08-07 14:45,601179,中国西电,买入,13.98,B,54,电力设备,64,C,虚拟买入,v2.31
2026-08-07 14:45,600089,特变电工,买入,21.28,B,60,电力设备,64,C,虚拟买入,v2.31
2026-08-07 14:45,600111,北方稀土,买入,44.0,B,62,稀土永磁,64,C,虚拟买入,v2.31
2026-08-07 14:45,603629,利通电子,买入,127.25,B,59,电子,64,C,待执行,v2.31
2026-08-07 14:45,002842,翔鹭钨业,买入,39.13,B,64,有色,64,C,虚拟买入,v2.31
2026-08-07 14:45,002181,粤传媒,买入,9.11,B,56,传媒,64,C,虚拟买入,v2.31
2026-08-07 14:45,600535,天士力,买入,15.72,A,77,其他,64,C,待执行,v2.31
2026-08-07 14:45,002317,众生药业,买入,28.56,A,74,其他,64,C,待执行,v2.31
2026-08-07 14:45,603456,九洲药业,买入,16.45,A,76,其他,64,C,待执行,v2.31
2026-08-07 14:45,600488,津药药业,买入,5.97,A,76,其他,64,C,待执行,v2.31
2026-08-07 14:55,510300,沪深300ETF,买入,4.752,B,53,宽基,63,C,待执行,v2.31
2026-08-07 14:55,518880,黄金ETF,买入,8.889,A,68,黄金,63,C,待执行,v2.31
2026-08-07 14:55,159858,创新药ETF,买入,0.731,A,76,医药,63,C,虚拟买入,v2.31
2026-08-07 14:55,512400,有色金属ETF,买入,1.984,A,67,有色,63,C,虚拟买入,v2.31
2026-08-07 14:55,515220,煤炭ETF,买入,1.233,A,68,煤炭,63,C,虚拟买入,v2.31
2026-08-07 14:55,512170,医疗ETF,买入,0.346,A,76,医药,63,C,虚拟买入,v2.31
2026-08-07 14:55,513180,恒生科技ETF,买入,0.612,A,70,港股科技,63,C,虚拟买入,v2.31
2026-08-07 14:55,510880,红利ETF,买入,3.285,A,78,红利,63,C,虚拟买入,v2.31
2026-08-07 14:55,159869,游戏ETF,买入,1.13,B,59,传媒,63,C,虚拟买入,v2.31
2026-08-07 14:55,600276,恒瑞医药,买入,54.56,B,60,医药,63,C,待执行,v2.31
2026-08-07 14:55,601179,中国西电,买入,14.04,B,54,电力设备,63,C,虚拟买入,v2.31
2026-08-07 14:55,600089,特变电工,买入,21.3,B,60,电力设备,63,C,虚拟买入,v2.31
2026-08-07 14:55,600111,北方稀土,买入,44.06,B,62,稀土永磁,63,C,虚拟买入,v2.31
2026-08-07 14:55,603629,利通电子,买入,127.5,B,59,电子,63,C,待执行,v2.31
2026-08-07 14:55,002842,翔鹭钨业,买入,38.61,B,63,有色,63,C,虚拟买入,v2.31
2026-08-07 14:55,002181,粤传媒,买入,9.13,B,56,传媒,63,C,虚拟买入,v2.31
2026-08-07 14:55,600535,天士力,买入,15.74,A,77,其他,63,C,待执行,v2.31
2026-08-07 14:55,002317,众生药业,买入,28.52,A,74,其他,63,C,待执行,v2.31
2026-08-07 14:55,603456,九洲药业,买入,16.44,A,76,其他,63,C,待执行,v2.31
2026-08-07 14:55,600488,津药药业,买入,5.92,A,76,其他,63,C,待执行,v2.31
2026-08-07 14:55,510300,沪深300ETF,买入,4.751,B,53,宽基,63,C,待执行,v2.31
2026-08-07 14:55,518880,黄金ETF,买入,8.889,A,68,黄金,63,C,待执行,v2.31
2026-08-07 14:55,159858,创新药ETF,买入,0.73,A,76,医药,63,C,虚拟买入,v2.31
2026-08-07 14:55,512400,有色金属ETF,买入,1.983,A,67,有色,63,C,虚拟买入,v2.31
2026-08-07 14:55,515220,煤炭ETF,买入,1.233,A,68,煤炭,63,C,虚拟买入,v2.31
2026-08-07 14:55,512170,医疗ETF,买入,0.346,A,76,医药,63,C,虚拟买入,v2.31
2026-08-07 14:55,513180,恒生科技ETF,买入,0.612,A,70,港股科技,63,C,虚拟买入,v2.31
2026-08-07 14:55,510880,红利ETF,买入,3.284,A,78,红利,63,C,虚拟买入,v2.31
2026-08-07 14:55,159869,游戏ETF,买入,1.131,B,59,传媒,63,C,虚拟买入,v2.31
2026-08-07 14:55,600276,恒瑞医药,买入,54.58,B,60,医药,63,C,待执行,v2.31
2026-08-07 14:55,601179,中国西电,买入,14.04,B,54,电力设备,63,C,虚拟买入,v2.31
2026-08-07 14:55,600089,特变电工,买入,21.3,B,60,电力设备,63,C,虚拟买入,v2.31
2026-08-07 14:55,600111,北方稀土,买入,44.06,B,62,稀土永磁,63,C,虚拟买入,v2.31
2026-08-07 14:55,603629,利通电子,买入,127.45,B,59,电子,63,C,待执行,v2.31
2026-08-07 14:55,002842,翔鹭钨业,买入,38.57,B,63,有色,63,C,虚拟买入,v2.31
2026-08-07 14:55,002181,粤传媒,买入,9.14,B,56,传媒,63,C,虚拟买入,v2.31
2026-08-07 14:55,600535,天士力,买入,15.74,A,77,其他,63,C,待执行,v2.31
2026-08-07 14:55,002317,众生药业,买入,28.52,A,74,其他,63,C,待执行,v2.31
2026-08-07 14:55,603456,九洲药业,买入,16.44,A,76,其他,63,C,待执行,v2.31
2026-08-07 14:55,600488,津药药业,买入,5.93,A,76,其他,63,C,待执行,v2.31
2026-08-07 14:55,510300,沪深300ETF,买入,4.752,B,53,宽基,63,C,待执行,v2.31
2026-08-07 14:55,518880,黄金ETF,买入,8.889,A,68,黄金,63,C,待执行,v2.31
2026-08-07 14:56,159858,创新药ETF,买入,0.732,A,76,医药,63,C,虚拟买入,v2.31
2026-08-07 14:56,512400,有色金属ETF,买入,1.983,A,67,有色,63,C,虚拟买入,v2.31
2026-08-07 14:56,515220,煤炭ETF,买入,1.233,A,68,煤炭,63,C,虚拟买入,v2.31
2026-08-07 14:56,512170,医疗ETF,买入,0.346,A,76,医药,63,C,虚拟买入,v2.31
2026-08-07 14:56,513180,恒生科技ETF,买入,0.612,A,70,港股科技,63,C,虚拟买入,v2.31
2026-08-07 14:56,510880,红利ETF,买入,3.284,A,78,红利,63,C,虚拟买入,v2.31
2026-08-07 14:56,159869,游戏ETF,买入,1.131,B,59,传媒,63,C,虚拟买入,v2.31
2026-08-07 14:56,600276,恒瑞医药,买入,54.58,B,60,医药,63,C,待执行,v2.31
2026-08-07 14:56,601179,中国西电,买入,14.05,B,54,电力设备,63,C,虚拟买入,v2.31
2026-08-07 14:56,600089,特变电工,买入,21.3,B,60,电力设备,63,C,虚拟买入,v2.31
2026-08-07 14:56,600111,北方稀土,买入,44.06,B,62,稀土永磁,63,C,虚拟买入,v2.31
2026-08-07 14:56,603629,利通电子,买入,127.41,B,59,电子,63,C,待执行,v2.31
2026-08-07 14:56,002842,翔鹭钨业,买入,38.53,B,63,有色,63,C,虚拟买入,v2.31
2026-08-07 14:56,002181,粤传媒,买入,9.14,B,56,传媒,63,C,虚拟买入,v2.31
2026-08-07 14:56,600535,天士力,买入,15.72,A,77,其他,63,C,待执行,v2.31
2026-08-07 14:56,002317,众生药业,买入,28.52,A,74,其他,63,C,待执行,v2.31
2026-08-07 14:56,603456,九洲药业,买入,16.44,A,76,其他,63,C,待执行,v2.31
2026-08-07 14:56,600488,津药药业,买入,5.92,A,76,其他,63,C,待执行,v2.312026-08-07 18:34,,,买入,8.892,A,67,黄金,63,C,待执行,v2.31,买入,买入,A级建仓信号成立
2026-08-07 18:34,159858,创新药ETF,买入,0.733,S,85,医药,63,C,待执行,v2.31,买入,买入,S级建仓信号成立
2026-08-07 18:34,515220,煤炭ETF,买入,1.234,A,69,煤炭,63,C,待执行,v2.31,买入,买入,A级建仓信号成立
2026-08-07 18:34,512170,医疗ETF,买入,0.346,S,85,医药,63,C,待执行,v2.31,买入,买入,S级建仓信号成立
2026-08-07 18:34,510880,红利ETF,买入,3.282,A,73,红利,63,C,待执行,v2.31,买入,买入,A级建仓信号成立
2026-08-07 18:34,600276,恒瑞医药,买入,54.62,A,65,医药,63,C,待执行,v2.31,买入,买入,A级建仓信号成立
2026-08-07 18:34,601233,桐昆股份,买入,23.56,S,83,其他,63,C,待执行,v2.31,持有,买入,S级建仓信号成立
2026-08-07 18:34,600985,淮北矿业,买入,16.52,S,82,其他,63,C,待执行,v2.31,持有,买入,S级建仓信号成立
2026-08-07 18:34,000989,九芝堂,买入,9.48,S,84,其他,63,C,待执行,v2.31,持有,买入,S级建仓信号成立
2026-08-07 18:34,603456,九洲药业**,买入,16.45,S,87,其他,63,C,待执行,v2.31,买入,买入,S级建仓信号成立
2026-08-10 09:25,518880,黄金ETF,买入,8.94,A,66,黄金,57,C,待执行,v2.31,买入,买入,A级建仓信号成立
2026-08-10 09:25,159858,创新药ETF,买入,0.74,S,85,医药,57,C,待执行,v2.31,买入,买入,S级建仓信号成立
2026-08-10 09:25,515220,煤炭ETF,买入,1.234,A,68,煤炭,57,C,待执行,v2.31,买入,买入,A级建仓信号成立
2026-08-10 09:25,512170,医疗ETF,买入,0.349,S,85,医药,57,C,虚拟买入,v2.31,买入,买入,S级建仓信号成立
2026-08-10 09:25,510880,红利ETF,买入,3.276,A,73,红利,57,C,待执行,v2.31,买入,买入,A级建仓信号成立
2026-08-10 09:25,600276,恒瑞医药,买入,55.0,A,70,医药,57,C,待执行,v2.31,买入,买入,A级建仓信号成立
2026-08-10 09:25,601233,桐昆股份,买入,23.56,A,79,其他,57,C,待执行,v2.31,买入,买入,A级建仓信号成立
2026-08-10 09:25,600985,淮北矿业,买入,16.44,S,81,其他,57,C,待执行,v2.31,买入,买入,S级建仓信号成立
2026-08-10 09:25,000989,九芝堂,买入,9.52,S,83,其他,57,C,待执行,v2.31,买入,买入,S级建仓信号成立
2026-08-10 09:25,603456,九洲药业,买入,16.72,S,86,其他,57,C,待执行,v2.31,买入,买入,S级建仓信号成立
2026-08-10 11:10,518880,黄金ETF,买入,8.925,A,67,黄金,53,C,待执行,v2.31,买入,买入,A级建仓信号成立
2026-08-10 11:10,159858,创新药ETF,买入,0.742,S,86,医药,53,C,待执行,v2.31,买入,买入,S级建仓信号成立
2026-08-10 11:10,515220,煤炭ETF,买入,1.256,A,70,煤炭,53,C,待执行,v2.31,买入,买入,A级建仓信号成立
2026-08-10 11:10,512170,医疗ETF,买入,0.354,S,86,医药,53,C,虚拟买入,v2.31,买入,买入,S级建仓信号成立
2026-08-10 11:10,510880,红利ETF,买入,3.323,A,75,红利,53,C,待执行,v2.31,买入,买入,A级建仓信号成立
2026-08-10 11:10,601233,桐昆股份,买入,24.13,S,85,其他,53,C,待执行,v2.31,买入,买入,S级建仓信号成立
2026-08-10 11:10,600985,淮北矿业,买入,16.84,S,82,其他,53,C,待执行,v2.31,买入,买入,S级建仓信号成立
2026-08-10 11:10,000989,九芝堂,买入,9.48,S,81,其他,53,C,待执行,v2.31,买入,买入,S级建仓信号成立
2026-08-10 11:10,603456,九洲药业,买入,16.51,S,87,其他,53,C,待执行,v2.31,买入,买入,S级建仓信号成立
2026-08-10 12:45,518880,黄金ETF,买入,8.937,A,67,黄金,53,C,待执行,v2.31,买入,买入,A级建仓信号成立
2026-08-10 12:45,159858,创新药ETF,买入,0.737,S,85,医药,53,C,待执行,v2.31,买入,买入,S级建仓信号成立
2026-08-10 12:45,515220,煤炭ETF,买入,1.259,A,70,煤炭,53,C,待执行,v2.31,买入,买入,A级建仓信号成立
2026-08-10 12:45,512170,医疗ETF,买入,0.352,S,86,医药,53,C,虚拟买入,v2.31,买入,买入,S级建仓信号成立
2026-08-10 12:45,510880,红利ETF,买入,3.324,A,76,红利,53,C,待执行,v2.31,买入,买入,A级建仓信号成立
2026-08-10 12:45,601233,桐昆股份,买入,23.93,S,85,其他,53,C,待执行,v2.31,买入,买入,S级建仓信号成立
2026-08-10 12:45,600985,淮北矿业,买入,16.9,S,82,其他,53,C,待执行,v2.31,买入,买入,S级建仓信号成立
2026-08-10 12:45,000989,九芝堂,买入,9.44,A,78,其他,53,C,待执行,v2.31,买入,买入,A级建仓信号成立
2026-08-10 12:45,603456,九洲药业,买入,16.51,S,87,其他,53,C,待执行,v2.31,买入,买入,S级建仓信号成立
2026-08-10 13:30,518880,黄金ETF,买入,8.951,A,69,黄金,57,C,待执行,v2.31,买入,买入,A级建仓信号成立
2026-08-10 13:30,159858,创新药ETF,买入,0.734,S,86,医药,57,C,待执行,v2.31,买入,买入,S级建仓信号成立
2026-08-10 13:30,515220,煤炭ETF,买入,1.258,A,71,煤炭,57,C,待执行,v2.31,买入,买入,A级建仓信号成立
2026-08-10 13:30,512170,医疗ETF,买入,0.352,S,91,医药,57,C,虚拟买入,v2.31,买入,买入,S级建仓信号成立
2026-08-10 13:30,513180,恒生科技ETF,买入,0.614,A,66,港股科技,57,C,待执行,v2.31,持有,买入,A级建仓信号成立
2026-08-10 13:30,510880,红利ETF,买入,3.326,S,83,红利,57,C,待执行,v2.31,买入,买入,S级建仓信号成立
2026-08-10 13:30,002842,翔鹭钨业,买入,38.5,A,65,有色,57,C,待执行,v2.31,持有,买入,A级建仓信号成立
2026-08-10 13:30,601233,桐昆股份,买入,23.95,S,85,其他,57,C,待执行,v2.31,买入,买入,S级建仓信号成立
2026-08-10 13:30,600985,淮北矿业,买入,16.89,S,83,其他,57,C,待执行,v2.31,买入,买入,S级建仓信号成立
2026-08-10 13:30,000989,九芝堂,买入,9.42,S,80,其他,57,C,待执行,v2.31,买入,买入,S级建仓信号成立
2026-08-10 13:30,603456,九洲药业,买入,16.42,S,83,其他,57,C,待执行,v2.31,买入,买入,S级建仓信号成立
2026-08-10 14:14,512400,有色金属ETF,买入,2.022,A,66,有色,68,B,待执行,v2.31,持有,买入,A级建仓信号成立
2026-08-10 14:14,513180,恒生科技ETF,买入,0.617,A,67,港股科技,68,B,待执行,v2.31,买入,买入,A级建仓信号成立
2026-08-10 14:14,002842,翔鹭钨业,买入,42.22,A,69,有色,68,B,待执行,v2.31,买入,买入,A级建仓信号成立
2026-08-10 14:14,601233,桐昆股份,买入,24.23,S,86,其他,68,B,待执行,v2.31,买入,买入,S级建仓信号成立
2026-08-10 14:14,600985,淮北矿业,买入,16.83,S,83,其他,68,B,待执行,v2.31,买入,买入,S级建仓信号成立
2026-08-10 14:14,000989,九芝堂,买入,9.47,S,80,其他,68,B,待执行,v2.31,买入,买入,S级建仓信号成立
2026-08-10 14:14,603456,九洲药业,买入,16.52,S,89,其他,68,B,待执行,v2.31,买入,买入,S级建仓信号成立
2026-08-10 14:45,518880,黄金ETF,买入,9.0,A,68,黄金,63,C,待执行,v2.31,买入,买入,A级建仓信号成立
2026-08-10 14:45,515220,煤炭ETF,买入,1.262,A,70,煤炭,63,C,待执行,v2.31,买入,买入,A级建仓信号成立
2026-08-10 14:45,512170,医疗ETF,买入,0.353,S,86,医药,63,C,虚拟买入,v2.31,买入,买入,S级建仓信号成立
2026-08-10 14:45,510880,红利ETF,买入,3.319,A,75,红利,63,C,待执行,v2.31,买入,买入,A级建仓信号成立
2026-08-10 14:45,601233,桐昆股份,买入,24.34,S,85,其他,63,C,待执行,v2.31,买入,买入,S级建仓信号成立
2026-08-10 14:45,600985,淮北矿业,买入,16.86,S,82,其他,63,C,待执行,v2.31,买入,买入,S级建仓信号成立
2026-08-10 14:45,000989,九芝堂,买入,9.47,A,79,其他,63,C,待执行,v2.31,买入,买入,A级建仓信号成立
2026-08-10 14:45,603456,九洲药业,买入,16.5,S,87,其他,63,C,待执行,v2.31,买入,买入,S级建仓信号成立
2026-08-10 15:37,159858,创新药指ETF,买入,0.739,S,85,医药,63,C,待执行,v2.31,加仓,加仓,S级盈利加仓信号成立
2026-08-10 15:37,515220,煤炭ETF,买入,1.262,A,68,煤炭,63,C,待执行,v2.31,买入,买入,A级建仓信号成立
2026-08-10 15:37,512170,医疗ETF,买入,0.353,S,88,医药,63,C,虚拟买入,v2.31,买入,买入,S级建仓信号成立
2026-08-10 15:37,513180,恒生科技ETF,买入,0.617,A,68,港股科技,63,C,待执行,v2.31,买入,买入,A级建仓信号成立
2026-08-10 15:37,510880,红利ETF,买入,3.319,A,78,红利,63,C,待执行,v2.31,买入,买入,A级建仓信号成立
2026-08-10 15:38,601233,桐昆股份,买入,24.4,A,79,其他,63,C,待执行,v2.31,买入,买入,A级建仓信号成立
2026-08-10 15:38,600985,淮北矿业,买入,16.86,S,81,其他,63,C,待执行,v2.31,买入,买入,S级建仓信号成立
2026-08-10 15:38,000989,九芝堂,买入,9.5,A,76,其他,63,C,待执行,v2.31,买入,买入,A级建仓信号成立
2026-08-10 15:38,603456,九洲药业,买入,16.51,S,86,其他,63,C,待执行,v2.31,买入,买入,S级建仓信号成立
2026-08-10 16:52,159858,创新药指ETF,买入,0.739,S,85,医药,63,C,待执行,v2.31,加仓,加仓,S级盈利加仓信号成立
2026-08-10 16:52,515220,煤炭ETF,买入,1.262,A,68,煤炭,63,C,待执行,v2.31,买入,买入,A级建仓信号成立
2026-08-10 16:52,512170,医疗ETF,买入,0.353,S,88,医药,63,C,虚拟买入,v2.31,买入,买入,S级建仓信号成立
2026-08-10 16:52,513180,恒生科技ETF,买入,0.617,A,68,港股科技,63,C,待执行,v2.31,买入,买入,A级建仓信号成立
2026-08-10 16:52,510880,红利ETF,买入,3.319,A,78,红利,63,C,待执行,v2.31,买入,买入,A级建仓信号成立
2026-08-10 16:52,601233,桐昆股份,买入,24.4,A,79,其他,63,C,待执行,v2.31,买入,买入,A级建仓信号成立
2026-08-10 16:52,600985,淮北矿业,买入,16.86,S,81,其他,63,C,待执行,v2.31,买入,买入,S级建仓信号成立
2026-08-10 16:52,000989,九芝堂,买入,9.5,A,76,其他,63,C,待执行,v2.31,买入,买入,A级建仓信号成立
2026-08-10 16:52,603456,九洲药业,买入,16.51,S,86,其他,63,C,待执行,v2.31,买入,买入,S级建仓信号成立2026-08-11 09:51,518880,黄金ETF,买入,9.145,A,66,黄金,54,C,待执行,v2.31,买入,买入,A级建仓信号成立
2026-08-11 09:51,159858,创新药指ETF,买入,0.745,S,91,医药,54,C,待执行,v2.31,加仓,加仓,S级盈利加仓信号成立
2026-08-11 09:51,512400,有色金属ETF,买入,2.021,A,66,有色,54,C,待执行,v2.31,买入,买入,A级建仓信号成立
2026-08-11 09:51,515220,煤炭ETF,买入,1.272,A,69,煤炭,54,C,待执行,v2.31,买入,买入,A级建仓信号成立
2026-08-11 09:51,512170,医疗ETF,买入,0.352,S,84,医药,54,C,待执行,v2.31,买入,买入,S级建仓信号成立
2026-08-11 09:51,513180,恒生科技ETF,买入,0.621,A,72,港股科技,54,C,待执行,v2.31,买入,买入,A级建仓信号成立
2026-08-11 09:51,510880,红利ETF,买入,3.342,S,84,红利,54,C,待执行,v2.31,买入,买入,S级建仓信号成立
2026-08-11 09:51,002842,翔鹭钨业,买入,42.23,A,67,有色,54,C,待执行,v2.31,买入,买入,A级建仓信号成立
2026-08-11 09:51,600352,浙江龙盛,买入,13.9,S,80,其他,54,C,待执行,v2.31,持有,买入,S级建仓信号成立
2026-08-11 09:51,002250,联化科技,买入,17.49,A,79,其他,54,C,待执行,v2.31,持有,买入,A级建仓信号成立
2026-08-11 09:51,603456,九洲药业,买入,16.95,S,87,其他,54,C,待执行,v2.31,买入,买入,S级建仓信号成立
2026-08-11 11:10,518880,黄金ETF,买入,9.115,A,65,黄金,60,C,待执行,v2.31,买入,买入,A级建仓信号成立
2026-08-11 11:10,159858,创新药指ETF,买入,0.753,S,86,医药,60,C,待执行,v2.31,加仓,加仓,S级盈利加仓信号成立
2026-08-11 11:10,515220,煤炭ETF,买入,1.263,A,68,煤炭,60,C,待执行,v2.31,买入,买入,A级建仓信号成立
2026-08-11 11:10,512170,医疗ETF,买入,0.354,S,88,医药,60,C,待执行,v2.31,买入,买入,S级建仓信号成立
2026-08-11 11:10,513180,恒生科技ETF,买入,0.616,A,68,港股科技,60,C,待执行,v2.31,买入,买入,A级建仓信号成立
2026-08-11 11:11,510880,红利ETF,买入,3.32,A,78,红利,60,C,待执行,v2.31,买入,买入,A级建仓信号成立
2026-08-11 11:11,600352,浙江龙盛,买入,13.91,S,83,其他,60,C,待执行,v2.31,买入,买入,S级建仓信号成立
2026-08-11 11:11,002250,联化科技,买入,17.53,A,79,其他,60,C,待执行,v2.31,买入,买入,A级建仓信号成立
2026-08-11 11:11,603456,九洲药业,买入,16.95,S,87,其他,60,C,待执行,v2.31,买入,买入,S级建仓信号成立
2026-08-11 13:30,159858,创新药指ETF,买入,0.754,S,86,医药,60,C,待执行,v2.31,加仓,加仓,S级盈利加仓信号成立
2026-08-11 13:31,515220,煤炭ETF,买入,1.258,A,68,煤炭,60,C,待执行,v2.31,买入,买入,A级建仓信号成立
2026-08-11 13:31,512170,医疗ETF,买入,0.356,S,88,医药,60,C,待执行,v2.31,买入,买入,S级建仓信号成立
2026-08-11 13:31,513180,恒生科技ETF,买入,0.612,A,68,港股科技,60,C,待执行,v2.31,买入,买入,A级建仓信号成立
2026-08-11 13:31,510880,红利ETF,买入,3.312,A,77,红利,60,C,待执行,v2.31,买入,买入,A级建仓信号成立
2026-08-11 13:31,600352,浙江龙盛,买入,13.62,S,81,其他,60,C,待执行,v2.31,买入,买入,S级建仓信号成立
2026-08-11 13:31,002250,联化科技,买入,17.56,S,84,其他,60,C,待执行,v2.31,买入,买入,S级建仓信号成立
2026-08-11 13:31,603456,九洲药业,买入,17.06,S,87,其他,60,C,待执行,v2.31,买入,买入,S级建仓信号成立
2026-08-11 14:23,518880,黄金ETF,买入,9.034,A,67,黄金,55,C,待执行,v2.31,买入,买入,A级建仓信号成立
2026-08-11 14:23,515220,煤炭ETF,买入,1.261,A,70,煤炭,55,C,待执行,v2.31,买入,买入,A级建仓信号成立
2026-08-11 14:23,512170,医疗ETF,买入,0.353,S,89,医药,55,C,待执行,v2.31,买入,买入,S级建仓信号成立
2026-08-11 14:23,513180,恒生科技ETF,买入,0.611,A,70,港股科技,55,C,待执行,v2.31,买入,买入,A级建仓信号成立
2026-08-11 14:23,510880,红利ETF,买入,3.31,S,83,红利,55,C,待执行,v2.31,买入,买入,S级建仓信号成立
2026-08-11 14:23,600276,恒瑞医药,买入,54.92,A,66,医药,55,C,待执行,v2.31,买入,买入,A级建仓信号成立
2026-08-11 14:23,600089,特变电工,买入,21.4,A,65,电力设备,55,C,待执行,v2.31,持有,买入,A级建仓信号成立
2026-08-11 14:23,600352,浙江龙盛,买入,13.58,S,82,其他,55,C,待执行,v2.31,买入,买入,S级建仓信号成立
2026-08-11 14:23,002250,联化科技,买入,17.44,A,79,其他,55,C,待执行,v2.31,买入,买入,A级建仓信号成立
2026-08-11 14:23,603456,九洲药业,买入,16.88,S,87,其他,55,C,待执行,v2.31,买入,买入,S级建仓信号成立
2026-08-12 09:34,518880,黄金ETF,买入,9.063,A,69,黄金,57,C,待执行,v2.31,买入,买入,A级建仓信号成立
2026-08-12 09:34,159858,创新药指ETF,买入,0.75,S,80,医药,57,C,待执行,v2.31,加仓,加仓,S级盈利加仓信号成立
2026-08-12 09:34,515220,煤炭ETF,买入,1.264,A,70,煤炭,57,C,待执行,v2.31,买入,买入,A级建仓信号成立
2026-08-12 09:34,512170,医疗ETF,买入,0.354,A,79,医药,57,C,待执行,v2.31,买入,买入,A级建仓信号成立
2026-08-12 09:34,510880,红利ETF,买入,3.315,A,74,红利,57,C,待执行,v2.31,买入,买入,A级建仓信号成立
2026-08-12 09:34,600276,恒瑞医药,买入,55.06,A,70,医药,57,C,待执行,v2.31,买入,买入,A级建仓信号成立
2026-08-12 10:05,518880,黄金ETF,买入,9.082,A,69,黄金,63,C,待执行,v2.31,买入,买入,A级建仓信号成立
2026-08-12 10:05,512400,有色金属ETF,买入,1.966,A,65,有色,63,C,待执行,v2.31,买入,买入,A级建仓信号成立
2026-08-12 10:05,515220,煤炭ETF,买入,1.261,A,70,煤炭,63,C,待执行,v2.31,买入,买入,A级建仓信号成立
2026-08-12 10:05,512170,医疗ETF,买入,0.352,A,79,医药,63,C,待执行,v2.31,买入,买入,A级建仓信号成立
2026-08-12 10:05,510880,红利ETF,买入,3.311,A,74,红利,63,C,待执行,v2.31,买入,买入,A级建仓信号成立
2026-08-12 11:10,518880,黄金ETF,买入,9.116,A,69,黄金,73,B,待执行,v2.31,买入,买入,A级建仓信号成立
2026-08-12 11:10,159858,创新药指ETF,买入,0.74,A,79,医药,73,B,待执行,v2.31,加仓,加仓,A级盈利加仓信号成立
2026-08-12 11:10,512400,有色金属ETF,买入,1.952,A,65,有色,73,B,待执行,v2.31,买入,买入,A级建仓信号成立
2026-08-12 11:10,515220,煤炭ETF,买入,1.25,A,69,煤炭,73,B,待执行,v2.31,买入,买入,A级建仓信号成立
2026-08-12 11:10,512170,医疗ETF,买入,0.352,A,79,医药,73,B,待执行,v2.31,买入,买入,A级建仓信号成立
2026-08-12 11:10,510880,红利ETF,买入,3.292,A,73,红利,73,B,待执行,v2.31,买入,买入,A级建仓信号成立
2026-08-12 13:30,518880,黄金ETF,买入,9.062,A,69,黄金,63,C,待执行,v2.31,买入,买入,A级建仓信号成立
2026-08-12 13:30,159858,创新药指ETF,买入,0.741,A,79,医药,63,C,待执行,v2.31,加仓,加仓,A级盈利加仓信号成立
2026-08-12 13:30,515220,煤炭ETF,买入,1.247,A,69,煤炭,63,C,待执行,v2.31,买入,买入,A级建仓信号成立
2026-08-12 13:30,512170,医疗ETF,买入,0.35,A,78,医药,63,C,待执行,v2.31,买入,买入,A级建仓信号成立
2026-08-12 13:30,510880,红利ETF,买入,3.295,A,73,红利,63,C,待执行,v2.31,买入,买入,A级建仓信号成立
2026-08-12 13:30,600276,恒瑞医药,买入,54.52,A,65,医药,63,C,待执行,v2.31,买入,买入,A级建仓信号成立
2026-08-12 14:45,518880,黄金ETF,买入,9.084,A,69,黄金,73,B,待执行,v2.31,买入,买入,A级建仓信号成立
2026-08-12 14:45,159858,创新药指ETF,买入,0.739,A,79,医药,73,B,待执行,v2.31,加仓,加仓,A级盈利加仓信号成立
2026-08-12 14:45,515220,煤炭ETF,买入,1.248,A,69,煤炭,73,B,待执行,v2.31,买入,买入,A级建仓信号成立
2026-08-12 14:45,512170,医疗ETF,买入,0.351,A,79,医药,73,B,待执行,v2.31,买入,买入,A级建仓信号成立
2026-08-12 14:45,510880,红利ETF,买入,3.301,A,74,红利,73,B,待执行,v2.31,买入,买入,A级建仓信号成立
2026-08-13 09:24,159858,创新药指ETF,卖出/减仓,0.0,C,37,医药,59,C,待执行,v2.31,加仓,减仓,信号降至C级（减仓）
2026-08-13 09:24,562800,稀有金属ETF,卖出/减仓,0.0,D,28,其他,59,C,待执行,v2.31,持有,清仓,信号降至D级（减仓）
2026-08-13 09:26,512170,医疗ETF,买入,0.349,A,74,医药,70,B,虚拟买入,v2.31,买入,买入,A级建仓信号成立
2026-08-13 09:26,510880,红利ETF,买入,3.29,A,71,红利,70,B,虚拟买入,v2.31,买入,买入,A级建仓信号成立
2026-08-13 09:26,600048,保利发展,买入,5.43,A,76,其他,70,B,虚拟买入,v2.31,买入,买入,A级建仓信号成立
2026-08-13 09:26,600422,昆药集团,买入,9.31,A,79,其他,70,B,虚拟买入,v2.31,买入,买入,A级建仓信号成立
2026-08-13 10:05,512170,医疗ETF,买入,0.354,A,74,医药,70,B,虚拟买入,v2.31,买入,买入,A级建仓信号成立
2026-08-13 10:05,510880,红利ETF,买入,3.283,A,71,红利,70,B,虚拟买入,v2.31,买入,买入,A级建仓信号成立
2026-08-13 10:05,600048,保利发展,买入,5.36,A,75,其他,70,B,虚拟买入,v2.31,买入,买入,A级建仓信号成立
2026-08-13 10:05,600422,昆药集团,买入,9.07,A,75,其他,70,B,虚拟买入,v2.31,买入,买入,A级建仓信号成立
2026-08-13 11:10,512170,医疗ETF,买入,0.357,A,74,医药,73,B,虚拟买入,v2.31,买入,买入,A级建仓信号成立
2026-08-13 11:10,510880,红利ETF,买入,3.282,A,71,红利,73,B,虚拟买入,v2.31,买入,买入,A级建仓信号成立
2026-08-13 11:10,600048,保利发展,买入,5.35,A,75,其他,73,B,虚拟买入,v2.31,买入,买入,A级建仓信号成立
2026-08-13 11:10,600422,昆药集团,买入,9.34,S,80,其他,73,B,虚拟买入,v2.31,买入,买入,S级建仓信号成立
2026-08-13 12:29,159858,创新药指ETF,买入,0.762,A,71,医药,73,B,虚拟买入,v2.31,减仓,加仓,A级盈利加仓信号成立
2026-08-13 12:29,512170,医疗ETF,买入,0.359,A,75,医药,73,B,虚拟买入,v2.31,买入,买入,A级建仓信号成立
2026-08-13 12:29,600048,保利发展,买入,5.35,A,75,其他,73,B,虚拟买入,v2.31,买入,买入,A级建仓信号成立
2026-08-13 12:29,600422,昆药集团,买入,9.34,S,80,其他,73,B,虚拟买入,v2.31,买入,买入,S级建仓信号成立
2026-08-13 13:30,159858,创新药指ETF,买入,0.761,A,77,医药,76,B,虚拟买入,v2.31,加仓,加仓,A级盈利加仓信号成立
2026-08-13 13:30,512170,医疗ETF,买入,0.36,S,81,医药,76,B,虚拟买入,v2.31,买入,买入,S级建仓信号成立
2026-08-13 13:30,513180,恒生科技ETF,买入,0.609,A,70,港股科技,76,B,虚拟买入,v2.31,买入,买入,A级建仓信号成立
2026-08-13 13:30,510880,红利ETF,买入,3.275,A,70,红利,76,B,虚拟买入,v2.31,买入,买入,A级建仓信号成立
2026-08-13 13:30,600048,保利发展,买入,5.34,A,76,其他,76,B,虚拟买入,v2.31,买入,买入,A级建仓信号成立
2026-08-13 13:30,600422,昆药集团,买入,9.19,A,78,其他,76,B,虚拟买入,v2.31,买入,买入,A级建仓信号成立
2026-08-13 14:45,512170,医疗ETF,买入,0.356,A,74,医药,73,B,虚拟买入,v2.31,买入,买入,A级建仓信号成立
2026-08-13 14:45,600048,保利发展,买入,5.31,A,74,其他,73,B,虚拟买入,v2.31,买入,买入,A级建仓信号成立
2026-08-13 14:45,600422,昆药集团,买入,9.1,A,75,其他,73,B,虚拟买入,v2.31,买入,买入,A级建仓信号成立2026-08-14 09:26,159858,创新药指ETF,买入,0.745,A,70,医药,67,B,待执行,v2.31,加仓,加仓,A级盈利加仓信号成立
2026-08-14 09:26,600105,永鼎股份,卖出/减仓,41.55,C,37,其他,67,B,待执行,v2.31,持有,减仓,信号降至C级（减仓）
2026-08-14 09:26,000783,长江证券,买入,9.14,A,79,其他,67,B,虚拟买入,v2.31,持有,买入,A级建仓信号成立
2026-08-14 09:26,600129,太极集团,买入,16.4,A,71,其他,67,B,虚拟买入,v2.31,持有,买入,A级建仓信号成立
2026-08-14 09:42,600422,昆药集团,卖出/减仓,8.96,B,52,其他,67,B,虚拟卖出,v2.31,买入,清仓,止损退出触发（P0强制退出）
2026-08-14 09:59,512170,医疗ETF,买入,0.357,A,75,医药,70,B,虚拟买入,v2.31,买入,加仓,A级盈利加仓信号成立
2026-08-14 09:59,000783,长江证券,买入,9.22,S,86,其他,70,B,虚拟买入,v2.31,买入,买入,S级建仓信号成立
2026-08-14 09:59,600129,太极集团,买入,17.12,S,83,其他,70,B,虚拟买入,v2.31,买入,买入,S级建仓信号成立
2026-08-14 11:10,159858,创新药指ETF,买入,0.735,A,70,医药,60,C,虚拟买入,v2.31,加仓,加仓,A级盈利加仓信号成立
2026-08-14 11:10,600105,永鼎股份,卖出/减仓,40.53,D,32,其他,60,C,待执行,v2.31,减仓,清仓,信号降至D级（减仓）
2026-08-14 11:10,600422,昆药集团,卖出/减仓,8.91,B,52,其他,60,C,虚拟卖出,v2.31,持有,清仓,止损退出触发（P0强制退出）
2026-08-14 11:10,000783,长江证券,买入,9.04,A,78,其他,60,C,虚拟买入,v2.31,买入,买入,A级建仓信号成立
2026-08-14 11:10,600129,太极集团,买入,16.71,S,80,其他,60,C,虚拟买入,v2.31,买入,买入,S级建仓信号成立
2026-08-14 13:30,515220,煤炭ETF,买入,1.253,A,72,煤炭,52,C,虚拟买入,v2.31,买入,买入,A级建仓信号成立
2026-08-14 13:30,510880,红利ETF,买入,3.295,A,75,红利,52,C,虚拟买入,v2.31,买入,买入,A级建仓信号成立
2026-08-14 13:30,002842,翔鹭钨业,买入,39.27,A,70,有色,52,C,虚拟买入,v2.31,买入,买入,A级建仓信号成立
2026-08-14 13:30,600105,永鼎股份,卖出/减仓,40.61,D,34,其他,52,C,待执行,v2.31,清仓,清仓,信号降至D级（减仓）
2026-08-14 13:30,600422,昆药集团,卖出/减仓,8.86,C,49,其他,52,C,虚拟卖出,v2.31,清仓,清仓,止损退出触发（P0强制退出）
2026-08-14 13:30,000783,长江证券,买入,9.01,A,77,其他,52,C,虚拟买入,v2.31,买入,买入,A级建仓信号成立
2026-08-14 13:30,600129,太极集团,买入,16.78,S,83,其他,52,C,虚拟买入,v2.31,买入,买入,S级建仓信号成立
2026-08-14 14:09,159858,创新药指ETF,买入,0.736,A,72,医药,60,C,虚拟买入,v2.31,加仓,加仓,A级盈利加仓信号成立
2026-08-14 14:10,515220,煤炭ETF,买入,1.257,A,73,煤炭,60,C,虚拟买入,v2.31,买入,买入,A级建仓信号成立
2026-08-14 14:10,510880,红利ETF,买入,3.297,A,75,红利,60,C,虚拟买入,v2.31,买入,买入,A级建仓信号成立
2026-08-14 14:10,002842,翔鹭钨业,买入,39.62,A,71,有色,60,C,虚拟买入,v2.31,买入,买入,A级建仓信号成立
2026-08-14 14:10,600422,昆药集团,卖出/减仓,8.85,B,50,其他,60,C,虚拟卖出,v2.31,清仓,清仓,止损退出触发（P0强制退出）
2026-08-14 14:10,000783,长江证券,买入,9.04,A,77,其他,60,C,虚拟买入,v2.31,买入,买入,A级建仓信号成立
2026-08-14 14:10,600129,太极集团,买入,16.79,S,83,其他,60,C,虚拟买入,v2.31,买入,买入,S级建仓信号成立
2026-08-14 14:45,510880,红利ETF,买入,3.297,A,70,红利,60,C,虚拟买入,v2.31,买入,买入,A级建仓信号成立
2026-08-14 14:45,600105,永鼎股份,卖出/减仓,41.2,C,38,其他,60,C,待执行,v2.31,持有,减仓,信号降至C级（减仓）
2026-08-14 14:45,600422,昆药集团,卖出/减仓,8.83,C,49,其他,60,C,虚拟卖出,v2.31,清仓,清仓,止损退出触发（P0强制退出）
2026-08-14 14:45,000783,长江证券,买入,9.02,A,78,其他,60,C,虚拟买入,v2.31,买入,买入,A级建仓信号成立
2026-08-14 14:45,600129,太极集团,买入,16.98,S,82,其他,60,C,虚拟买入,v2.31,买入,买入,S级建仓信号成立2026-08-17 09:26,159858,创新药指ETF,买入,0.735,A,74,医药,63,C,待执行,v2.31,加仓,加仓,A级盈利加仓信号成立
2026-08-17 09:26,515220,煤炭ETF,买入,1.26,A,77,煤炭,63,C,虚拟买入,v2.31,买入,买入,A级建仓信号成立
2026-08-17 09:26,510880,红利ETF,买入,3.29,A,73,红利,63,C,虚拟买入,v2.31,买入,买入,A级建仓信号成立
2026-08-17 09:26,600105,永鼎股份,卖出/减仓,41.42,C,49,其他,63,C,待执行,v2.31,减仓,减仓,信号降至C级（减仓）
2026-08-17 10:05,515220,煤炭ETF,买入,1.251,A,76,煤炭,70,B,虚拟买入,v2.31,买入,买入,A级建仓信号成立
2026-08-17 10:05,510880,红利ETF,买入,3.299,A,74,红利,70,B,虚拟买入,v2.31,买入,买入,A级建仓信号成立
2026-08-17 11:10,159858,创新药指ETF,买入,0.748,A,76,医药,73,B,虚拟买入,v2.31,加仓,加仓,A级盈利加仓信号成立
2026-08-17 11:10,515220,煤炭ETF,买入,1.253,A,77,煤炭,73,B,虚拟买入,v2.31,买入,买入,A级建仓信号成立
2026-08-17 11:10,510880,红利ETF,买入,3.302,A,74,红利,73,B,虚拟买入,v2.31,买入,买入,A级建仓信号成立
2026-08-17 13:30,159858,创新药指ETF,买入,0.743,A,76,医药,73,B,虚拟买入,v2.31,加仓,加仓,A级盈利加仓信号成立
2026-08-17 13:30,515220,煤炭ETF,买入,1.253,A,77,煤炭,73,B,虚拟买入,v2.31,买入,买入,A级建仓信号成立
2026-08-17 13:30,510880,红利ETF,买入,3.302,A,74,红利,73,B,虚拟买入,v2.31,买入,买入,A级建仓信号成立
2026-08-17 14:45,159858,创新药指ETF,买入,0.745,S,80,医药,80,A,虚拟买入,v2.31,加仓,加仓,S级盈利加仓信号成立
2026-08-17 14:45,515220,煤炭ETF,买入,1.251,A,79,煤炭,80,A,虚拟买入,v2.31,买入,买入,A级建仓信号成立
2026-08-17 14:45,510880,红利ETF,买入,3.302,A,79,红利,80,A,虚拟买入,v2.31,买入,买入,A级建仓信号成立
2026-08-17 14:45,512100,中证1000ETF,买入,3.221,A,71,宽基,80,A,虚拟买入,v2.31,持有,买入,A级建仓信号成立2026-08-18 09:26,159858,创新药指ETF,买入,0.742,A,72,医药,59,C,待执行,v2.31,加仓,加仓,A级盈利加仓信号成立
2026-08-18 09:26,002156,通富微电,买入,71.2,A,70,半导体,59,C,虚拟买入,v2.31,持有,买入,A级建仓信号成立
2026-08-18 09:26,002041,登海种业,买入,8.91,A,75,其他,59,C,虚拟买入,v2.31,持有,买入,A级建仓信号成立
2026-08-18 09:26,000049,德赛电池,买入,25.33,A,72,其他,59,C,虚拟买入,v2.31,持有,买入,A级建仓信号成立
2026-08-18 09:26,601919,中远海控,买入,15.97,S,83,其他,59,C,虚拟买入,v2.31,持有,买入,S级建仓信号成立
2026-08-18 09:26,002258,利尔化学,买入,14.94,S,81,其他,59,C,虚拟买入,v2.31,持有,买入,S级建仓信号成立
2026-08-18 09:26,002371,北方华创,买入,770.0,A,77,其他,59,C,待执行,v2.31,持有,买入,A级建仓信号成立
2026-08-18 10:05,515220,煤炭ETF,买入,1.265,A,73,煤炭,61,C,虚拟买入,v2.31,买入,买入,A级建仓信号成立
2026-08-18 10:05,002156,通富微电,买入,71.82,A,73,半导体,61,C,虚拟买入,v2.31,买入,买入,A级建仓信号成立
2026-08-18 10:05,002041,登海种业,买入,9.8,S,92,其他,61,C,虚拟买入,v2.31,买入,买入,S级建仓信号成立
2026-08-18 10:05,000049,德赛电池,买入,24.72,A,70,其他,61,C,虚拟买入,v2.31,买入,买入,A级建仓信号成立
2026-08-18 10:05,601919,中远海控,买入,16.26,S,90,其他,61,C,虚拟买入,v2.31,买入,买入,S级建仓信号成立
2026-08-18 10:05,002258,利尔化学,买入,14.84,S,80,其他,61,C,虚拟买入,v2.31,买入,买入,S级建仓信号成立
2026-08-18 10:05,002371,北方华创,买入,780.7,S,81,其他,61,C,待执行,v2.31,买入,买入,S级建仓信号成立
2026-08-18 11:10,159858,创新药指ETF,买入,0.737,A,72,医药,70,B,待执行,v2.31,加仓,加仓,A级盈利加仓信号成立
2026-08-18 11:10,002156,通富微电,买入,69.66,A,71,半导体,70,B,虚拟买入,v2.31,买入,买入,A级建仓信号成立
2026-08-18 11:10,002041,登海种业,买入,9.8,S,87,其他,70,B,虚拟买入,v2.31,买入,买入,S级建仓信号成立
2026-08-18 11:10,601919,中远海控,买入,16.3,S,89,其他,70,B,虚拟买入,v2.31,买入,买入,S级建仓信号成立
2026-08-18 11:10,002258,利尔化学,买入,14.9,S,80,其他,70,B,虚拟买入,v2.31,买入,买入,S级建仓信号成立
2026-08-18 11:10,002371,北方华创,买入,758.98,A,76,其他,70,B,待执行,v2.31,买入,买入,A级建仓信号成立
2026-08-18 13:30,159858,创新药指ETF,买入,0.74,A,72,医药,73,B,待执行,v2.31,加仓,加仓,A级盈利加仓信号成立
2026-08-18 13:30,002156,通富微电,买入,69.89,A,71,半导体,73,B,虚拟买入,v2.31,买入,买入,A级建仓信号成立
2026-08-18 13:30,002041,登海种业,买入,9.8,S,87,其他,73,B,虚拟买入,v2.31,买入,买入,S级建仓信号成立
2026-08-18 13:30,601919,中远海控,买入,16.31,S,89,其他,73,B,虚拟买入,v2.31,买入,买入,S级建仓信号成立
2026-08-18 13:30,002258,利尔化学,买入,15.0,S,87,其他,73,B,虚拟买入,v2.31,买入,买入,S级建仓信号成立
2026-08-18 13:30,002371,北方华创,买入,759.36,A,76,其他,73,B,待执行,v2.31,买入,买入,A级建仓信号成立
2026-08-18 14:45,159858,创新药指ETF,买入,0.74,A,75,医药,65,B,待执行,v2.31,加仓,加仓,A级盈利加仓信号成立
2026-08-18 14:45,515220,煤炭ETF,买入,1.268,A,73,煤炭,65,B,虚拟买入,v2.31,买入,买入,A级建仓信号成立
2026-08-18 14:45,510880,红利ETF,买入,3.34,A,72,红利,65,B,待执行,v2.31,买入,买入,A级建仓信号成立
2026-08-18 14:45,002156,通富微电,买入,70.61,A,72,半导体,65,B,虚拟买入,v2.31,买入,买入,A级建仓信号成立
2026-08-18 14:45,002041,登海种业,买入,9.8,S,93,其他,65,B,虚拟买入,v2.31,买入,买入,S级建仓信号成立
2026-08-18 14:45,601919,中远海控,买入,16.3,S,90,其他,65,B,虚拟买入,v2.31,买入,买入,S级建仓信号成立
2026-08-18 14:45,002258,利尔化学,买入,15.01,S,88,其他,65,B,虚拟买入,v2.31,买入,买入,S级建仓信号成立
2026-08-18 14:45,002371,北方华创,买入,781.93,S,82,其他,65,B,待执行,v2.31,买入,买入,S级建仓信号成立
2026-08-18 18:13,159858,创新药指ETF,买入,0.74,A,75,医药,73,B,待执行,v2.31,加仓,加仓,A级盈利加仓信号成立2026-08-19 09:26,159858,创新药指ETF,买入,0.739,A,74,医药,55,C,待执行,v2.31,加仓,加仓,A级盈利加仓信号成立
2026-08-19 09:26,588750,科创芯片ETF汇添富,卖出/减仓,2.47,C,39,半导体,55,C,待执行,v2.31,持有,减仓,信号降至C级（减仓）
2026-08-19 11:10,159858,创新药指ETF,卖出/减仓,0.727,A,72,医药,53,C,虚拟卖出,v2.31,加仓,减仓,趋势退出减仓（P1风险降低）
2026-08-19 11:10,588750,科创芯片ETF汇添富,卖出/减仓,2.392,D,30,半导体,53,C,待执行,v2.31,减仓,清仓,止损退出触发（P0强制退出）
2026-08-19 11:47,159858,创新药指ETF,卖出/减仓,0.724,B,68,医药,50,C,虚拟卖出,v2.31,减仓,减仓,趋势退出减仓（P1风险降低）
2026-08-19 11:47,588750,科创芯片ETF汇添富,卖出/减仓,2.381,D,30,半导体,50,C,待执行,v2.31,清仓,清仓,止损退出触发（P0强制退出）
2026-08-19 11:50,159858,创新药指ETF,卖出/减仓,0.724,B,68,医药,50,C,虚拟卖出,v2.31,减仓,减仓,趋势退出减仓（P1风险降低）
2026-08-19 11:50,588750,科创芯片ETF汇添富,卖出/减仓,2.381,D,30,半导体,50,C,待执行,v2.31,清仓,清仓,止损退出触发（P0强制退出）
2026-08-19 13:30,159858,创新药指ETF,卖出/减仓,0.727,A,75,医药,30,D,虚拟卖出,v2.31,减仓,减仓,趋势退出减仓（P1风险降低）
2026-08-19 13:30,588750,科创芯片ETF汇添富,卖出/减仓,2.375,D,32,半导体,30,D,待执行,v2.31,清仓,清仓,止损退出触发（P0强制退出）
2026-08-19 14:35,159858,创新药指ETF,卖出/减仓,0.724,B,68,医药,38,D,虚拟卖出,v2.31,减仓,减仓,趋势退出减仓（P1风险降低）
2026-08-19 14:35,588750,科创芯片ETF汇添富,卖出/减仓,2.349,D,30,半导体,38,D,待执行,v2.31,清仓,清仓,止损退出触发（P0强制退出）
2026-08-19 14:45,159858,创新药指ETF,卖出/减仓,0.722,B,68,医药,28,D,虚拟卖出,v2.31,减仓,减仓,趋势退出减仓（P1风险降低）
2026-08-19 14:45,588750,科创芯片ETF汇添富,卖出/减仓,2.339,D,30,半导体,28,D,待执行,v2.31,清仓,清仓,止损退出触发（P0强制退出）
2026-08-19 18:10,159858,创新药指ETF,卖出/减仓,0.723,A,74,医药,30,D,虚拟卖出,v2.31,减仓,减仓,趋势退出减仓（P1风险降低）
2026-08-19 18:10,588750,科创芯片ETF汇添富,卖出/减仓,2.357,D,22,半导体,30,D,待执行,v2.31,清仓,清仓,止损退出触发（P0强制退出）2026-08-20 09:26,159858,创新药指ETF,买入,0.746,A,75,医药,60,C,待执行,v2.31,减仓,加仓,A级盈利加仓信号成立
2026-08-20 09:26,588750,科创芯片ETF汇添富,卖出/减仓,2.377,D,25,半导体,60,C,待执行,v2.31,清仓,清仓,止损退出触发（P0强制退出）
2026-08-20 09:56,512170,医疗ETF,买入,0.364,A,78,医药,63,C,虚拟买入,v2.31,加仓,加仓,A级盈利加仓信号成立
2026-08-20 09:59,588750,科创芯片ETF汇添富,卖出/减仓,2.393,D,30,半导体,68,B,待执行,v2.31,持有,清仓,信号降至D级（减仓）
2026-08-20 10:05,588750,科创芯片ETF汇添富,卖出/减仓,2.393,D,31,半导体,70,B,待执行,v2.31,持有,清仓,信号降至D级（减仓）
2026-08-20 10:25,588750,科创芯片ETF汇添富,卖出/减仓,2.365,D,26,半导体,53,C,待执行,v2.31,清仓,清仓,止损退出触发（P0强制退出）
2026-08-20 10:28,159858,创新药指ETF,买入,0.762,A,76,医药,53,C,虚拟买入,v2.31,加仓,加仓,A级盈利加仓信号成立
2026-08-20 10:28,588750,科创芯片ETF汇添富,卖出/减仓,2.371,D,26,半导体,53,C,待执行,v2.31,清仓,清仓,止损退出触发（P0强制退出）
2026-08-20 10:28,515220,煤炭ETF,买入,1.275,A,75,煤炭,53,C,虚拟买入,v2.31,买入,买入,A级建仓信号成立
2026-08-20 10:28,510880,红利ETF,买入,3.372,S,80,红利,53,C,待执行,v2.31,买入,买入,S级建仓信号成立
2026-08-20 10:28,601919,中远海控,买入,16.53,S,84,其他,53,C,待执行,v2.31,买入,买入,S级建仓信号成立
2026-08-20 10:28,002493,荣盛石化,买入,13.73,S,83,其他,53,C,待执行,v2.31,持有,买入,S级建仓信号成立
2026-08-20 10:28,000756,新华制药,买入,14.41,S,81,其他,53,C,待执行,v2.31,持有,买入,S级建仓信号成立
2026-08-20 10:28,000739,普洛药业,买入,22.11,A,71,其他,53,C,待执行,v2.31,持有,买入,A级建仓信号成立
2026-08-20 10:28,601899,紫金矿业,买入,34.54,A,71,其他,53,C,待执行,v2.31,持有,买入,A级建仓信号成立
2026-08-20 13:30,159858,创新药指ETF,买入,0.758,A,75,医药,53,C,虚拟买入,v2.31,加仓,加仓,A级盈利加仓信号成立
2026-08-20 14:45,518880,黄金ETF,买入,9.238,A,73,黄金,55,C,待执行,v2.31,买入,买入,A级建仓信号成立
2026-08-20 14:45,159858,创新药指ETF,买入,0.757,S,82,医药,55,C,虚拟买入,v2.31,加仓,加仓,S级盈利加仓信号成立
2026-08-20 14:45,512170,医疗ETF,买入,0.36,S,84,医药,55,C,虚拟买入,v2.31,买入,买入,S级建仓信号成立
2026-08-20 14:45,515220,煤炭ETF,买入,1.268,A,79,煤炭,55,C,虚拟买入,v2.31,买入,买入,A级建仓信号成立
2026-08-20 14:45,510880,红利ETF,买入,3.381,S,86,红利,55,C,待执行,v2.31,买入,买入,S级建仓信号成立
2026-08-20 14:46,601919,中远海控,买入,16.63,S,89,其他,55,C,待执行,v2.31,买入,买入,S级建仓信号成立
2026-08-20 14:46,002493,荣盛石化,买入,13.56,S,82,其他,55,C,待执行,v2.31,买入,买入,S级建仓信号成立
2026-08-20 14:46,000756,新华制药,买入,14.41,S,84,其他,55,C,待执行,v2.31,买入,买入,S级建仓信号成立
2026-08-20 14:46,000739,普洛药业,买入,21.96,A,72,其他,55,C,待执行,v2.31,买入,买入,A级建仓信号成立
2026-08-20 14:46,601899,紫金矿业,买入,34.25,A,76,其他,55,C,待执行,v2.31,买入,买入,A级建仓信号成立2026-08-21 09:27,159858,创新药指ETF,卖出/减仓,0.731,A,74,医药,31,D,待执行,v2.31,加仓,减仓,趋势退出减仓（P1风险降低）
2026-08-21 10:05,518880,黄金ETF,买入,9.304,A,78,黄金,60,C,待执行,v2.31,买入,买入,A级建仓信号成立
2026-08-21 10:05,159858,创新药指ETF,卖出/减仓,0.721,A,74,医药,60,C,虚拟卖出,v2.31,减仓,减仓,趋势退出减仓（P1风险降低）
2026-08-21 10:05,512170,医疗ETF,买入,0.351,A,78,医药,60,C,虚拟买入,v2.31,买入,买入,A级建仓信号成立
2026-08-21 10:05,515220,煤炭ETF,买入,1.263,A,73,煤炭,60,C,待执行,v2.31,买入,买入,A级建仓信号成立
2026-08-21 10:05,510880,红利ETF,买入,3.375,A,74,红利,60,C,待执行,v2.31,买入,买入,A级建仓信号成立
2026-08-21 10:05,002043,兔 宝 宝,买入,13.01,A,74,其他,60,C,待执行,v2.31,持有,买入,A级建仓信号成立
2026-08-21 10:05,603519,立霸股份,买入,16.48,S,83,其他,60,C,待执行,v2.31,持有,买入,S级建仓信号成立
2026-08-21 10:05,601899,紫金矿业,买入,34.02,A,75,其他,60,C,待执行,v2.31,买入,买入,A级建仓信号成立
2026-08-21 10:05,601009,南京银行,买入,11.79,S,80,其他,60,C,待执行,v2.31,持有,买入,S级建仓信号成立
2026-08-21 11:10,518880,黄金ETF,买入,9.325,A,78,黄金,60,C,待执行,v2.31,买入,买入,A级建仓信号成立
2026-08-21 11:10,159858,创新药指ETF,卖出/减仓,0.725,A,75,医药,60,C,虚拟卖出,v2.31,减仓,减仓,趋势退出减仓（P1风险降低）
2026-08-21 11:10,512170,医疗ETF,买入,0.35,A,78,医药,60,C,虚拟买入,v2.31,买入,买入,A级建仓信号成立
2026-08-21 11:10,515220,煤炭ETF,买入,1.289,A,75,煤炭,60,C,待执行,v2.31,买入,买入,A级建仓信号成立
2026-08-21 11:10,510880,红利ETF,买入,3.397,A,76,红利,60,C,待执行,v2.31,买入,买入,A级建仓信号成立
2026-08-21 11:10,002043,兔 宝 宝,买入,12.96,A,74,其他,60,C,待执行,v2.31,买入,买入,A级建仓信号成立
2026-08-21 11:10,603519,立霸股份,买入,16.21,S,83,其他,60,C,待执行,v2.31,买入,买入,S级建仓信号成立
2026-08-21 11:10,601899,紫金矿业,买入,34.46,A,77,其他,60,C,待执行,v2.31,买入,买入,A级建仓信号成立
2026-08-21 11:10,600196,复星医药,买入,23.81,A,73,医药,60,C,待执行,v2.31,持有,买入,A级建仓信号成立
2026-08-21 11:10,601009,南京银行,买入,11.79,S,80,其他,60,C,待执行,v2.31,买入,买入,S级建仓信号成立
2026-08-21 13:30,518880,黄金ETF,买入,9.322,A,79,黄金,52,C,待执行,v2.31,买入,买入,A级建仓信号成立
2026-08-21 13:30,159858,创新药指ETF,卖出/减仓,0.722,A,75,医药,52,C,虚拟卖出,v2.31,减仓,减仓,趋势退出减仓（P1风险降低）
2026-08-21 13:30,512170,医疗ETF,买入,0.349,A,78,医药,52,C,虚拟买入,v2.31,买入,买入,A级建仓信号成立
2026-08-21 13:30,515220,煤炭ETF,买入,1.27,S,80,煤炭,52,C,待执行,v2.31,买入,买入,S级建仓信号成立
2026-08-21 13:30,510880,红利ETF,买入,3.382,S,80,红利,52,C,待执行,v2.31,买入,买入,S级建仓信号成立
2026-08-21 13:30,002842,翔鹭钨业,买入,39.1,A,70,有色,52,C,待执行,v2.31,买入,买入,A级建仓信号成立
2026-08-21 13:30,002043,兔 宝 宝,买入,13.17,A,73,其他,52,C,待执行,v2.31,买入,买入,A级建仓信号成立
2026-08-21 13:30,603519,立霸股份,买入,16.41,S,85,其他,52,C,待执行,v2.31,买入,买入,S级建仓信号成立
2026-08-21 13:30,601899,紫金矿业,买入,34.13,A,77,其他,52,C,待执行,v2.31,买入,买入,A级建仓信号成立
2026-08-21 13:30,601009,南京银行,买入,11.79,A,77,其他,52,C,待执行,v2.31,买入,买入,A级建仓信号成立
2026-08-21 14:45,518880,黄金ETF,买入,9.38,A,78,黄金,60,C,待执行,v2.31,买入,买入,A级建仓信号成立
2026-08-21 14:45,159858,创新药指ETF,卖出/减仓,0.72,A,74,医药,60,C,虚拟卖出,v2.31,减仓,减仓,趋势退出减仓（P1风险降低）
2026-08-21 14:45,512170,医疗ETF,买入,0.348,A,77,医药,60,C,虚拟买入,v2.31,买入,买入,A级建仓信号成立
2026-08-21 14:45,515220,煤炭ETF,买入,1.277,A,75,煤炭,60,C,待执行,v2.31,买入,买入,A级建仓信号成立
2026-08-21 14:45,510880,红利ETF,买入,3.391,A,76,红利,60,C,待执行,v2.31,买入,买入,A级建仓信号成立
2026-08-21 14:45,002043,兔 宝 宝,买入,13.17,A,74,其他,60,C,待执行,v2.31,买入,买入,A级建仓信号成立
2026-08-21 14:45,603519,立霸股份,买入,16.37,S,83,其他,60,C,待执行,v2.31,买入,买入,S级建仓信号成立
2026-08-21 14:45,601899,紫金矿业,买入,34.74,A,78,其他,60,C,待执行,v2.31,买入,买入,A级建仓信号成立
2026-08-21 14:45,601009,南京银行,买入,11.77,S,80,其他,60,C,待执行,v2.31,买入,买入,S级建仓信号成立2026-08-21 18:27,518880,黄金ETF,买入,9.388,S,83,黄金,60,C,待执行,v2.31,买入,买入,S级建仓信号成立
2026-08-21 18:27,159858,创新药指ETF,卖出/减仓,0.723,A,74,医药,60,C,待执行,v2.31,减仓,持有,趋势退出减仓（P1风险降低）；T+1当日买入不可卖
2026-08-21 18:27,512170,医疗ETF,买入,0.349,A,77,医药,60,C,待执行,v2.31,买入,买入,A级建仓信号成立
2026-08-21 18:27,588750,科创芯片ETF汇添富,卖出/减仓,2.348,D,27,半导体,60,C,待执行,v2.31,清仓,持有,止损退出触发（P0强制退出）；T+1当日买入不可卖
2026-08-21 18:27,512400,有色金属ETF,买入,1.946,A,72,有色,60,C,待执行,v2.31,买入,买入,A级建仓信号成立
2026-08-21 18:27,515220,煤炭ETF,买入,1.277,A,75,煤炭,60,C,待执行,v2.31,买入,买入,A级建仓信号成立
2026-08-21 18:27,510880,红利ETF,买入,3.387,A,76,红利,60,C,待执行,v2.31,买入,买入,A级建仓信号成立
2026-08-21 18:28,159858,创新药指ETF,卖出/减仓,0.723,A,74,医药,60,C,待执行,v2.31,减仓,持有,趋势退出减仓（P1风险降低）；T+1当日买入不可卖
2026-08-21 18:28,588750,科创芯片ETF汇添富,卖出/减仓,2.348,D,27,半导体,60,C,待执行,v2.31,持有,持有,止损退出触发（P0强制退出）；T+1当日买入不可卖
2026-08-21 18:29,159858,创新药指ETF,卖出/减仓,0.723,A,74,医药,60,C,待执行,v2.31,减仓,持有,趋势退出减仓（P1风险降低）；T+1当日买入不可卖
2026-08-21 18:29,588750,科创芯片ETF汇添富,卖出/减仓,2.348,D,27,半导体,60,C,待执行,v2.31,持有,持有,止损退出触发（P0强制退出）；T+1当日买入不可卖
2026-08-21 20:02,159858,创新药指ETF,卖出/减仓,0.723,A,74,医药,60,C,待执行,v2.31,减仓,持有,趋势退出减仓（P1风险降低）；T+1当日买入不可卖
2026-08-21 20:02,588750,科创芯片ETF汇添富,卖出/减仓,2.348,D,27,半导体,60,C,待执行,v2.31,持有,持有,止损退出触发（P0强制退出）；T+1当日买入不可卖
2026-08-24 09:26,518880,黄金ETF,买入,9.488,S,83,黄金,53,C,待执行,v2.31,买入,买入,S级建仓信号成立
2026-08-24 09:26,159858,创新药指ETF,卖出/减仓,0.715,A,72,医药,53,C,待执行,v2.31,减仓,减仓,趋势退出减仓（P1风险降低）
2026-08-24 09:26,512170,医疗ETF,买入,0.347,A,77,医药,53,C,待执行,v2.31,买入,买入,A级建仓信号成立
2026-08-24 09:26,588750,科创芯片ETF汇添富,卖出/减仓,2.346,D,27,半导体,53,C,待执行,v2.31,持有,清仓,止损退出触发（P0强制退出）
2026-08-24 09:26,512400,有色金属ETF,买入,1.973,A,72,有色,53,C,待执行,v2.31,买入,买入,A级建仓信号成立
2026-08-24 09:26,515220,煤炭ETF,买入,1.28,A,76,煤炭,53,C,待执行,v2.31,买入,买入,A级建仓信号成立
2026-08-24 09:26,510880,红利ETF,买入,3.388,A,76,红利,53,C,待执行,v2.31,买入,买入,A级建仓信号成立
2026-08-24 09:26,603519,立霸股份,买入,16.65,S,87,其他,53,C,待执行,v2.31,买入,加仓,S级盈利加仓信号成立
2026-08-24 11:10,159858,创新药指ETF,卖出/减仓,0.693,B,63,医药,40,D,待执行,v2.31,清仓,清仓,止损退出触发（P0强制退出）
2026-08-24 11:10,588750,科创芯片ETF汇添富,卖出/减仓,2.262,D,26,半导体,40,D,待执行,v2.31,清仓,清仓,止损退出触发（P0强制退出）
2026-08-24 13:30,159858,创新药指ETF,卖出/减仓,0.688,B,62,医药,40,D,待执行,v2.31,清仓,清仓,止损退出触发（P0强制退出）
2026-08-24 13:30,588750,科创芯片ETF汇添富,卖出/减仓,2.253,D,26,半导体,40,D,待执行,v2.31,清仓,清仓,止损退出触发（P0强制退出）
2026-08-24 14:45,159858,创新药指ETF,卖出/减仓,0.684,B,61,医药,32,D,待执行,v2.31,清仓,清仓,止损退出触发（P0强制退出）
2026-08-24 14:45,588750,科创芯片ETF汇添富,卖出/减仓,2.258,D,29,半导体,32,D,待执行,v2.31,清仓,清仓,止损退出触发（P0强制退出）
2026-08-25 09:26,159858,创新药指ETF,卖出/减仓,0.682,B,52,医药,29,D,待执行,v2.31,清仓,清仓,止损退出触发（P0强制退出）
2026-08-25 09:26,588750,科创芯片ETF汇添富,卖出/减仓,2.23,D,22,半导体,29,D,待执行,v2.31,清仓,清仓,止损退出触发（P0强制退出）
2026-08-25 09:44,159858,创新药指ETF,卖出/减仓,0.687,B,53,医药,40,D,待执行,v2.31,清仓,清仓,止损退出触发（P0强制退出）
2026-08-25 09:44,588750,科创芯片ETF汇添富,卖出/减仓,2.214,D,21,半导体,40,D,待执行,v2.31,清仓,清仓,止损退出触发（P0强制退出）
2026-08-25 10:05,159858,创新药指ETF,卖出/减仓,0.694,B,57,医药,40,D,待执行,v2.31,清仓,清仓,止损退出触发（P0强制退出）
2026-08-25 10:05,588750,科创芯片ETF汇添富,卖出/减仓,2.249,D,22,半导体,40,D,待执行,v2.31,清仓,清仓,止损退出触发（P0强制退出）
2026-08-25 11:10,159858,创新药指ETF,卖出/减仓,0.688,B,53,医药,39,D,待执行,v2.31,清仓,清仓,止损退出触发（P0强制退出）
2026-08-25 11:10,588750,科创芯片ETF汇添富,卖出/减仓,2.224,D,21,半导体,39,D,待执行,v2.31,清仓,清仓,止损退出触发（P0强制退出）
2026-08-25 13:30,159858,创新药指ETF,卖出/减仓,0.697,B,60,医药,43,D,待执行,v2.31,清仓,清仓,止损退出触发（P0强制退出）
2026-08-25 13:30,588750,科创芯片ETF汇添富,卖出/减仓,2.273,D,22,半导体,43,D,待执行,v2.31,清仓,清仓,止损退出触发（P0强制退出）
2026-08-25 14:45,159858,创新药指ETF,卖出/减仓,0.699,B,60,医药,43,D,待执行,v2.31,清仓,清仓,止损退出触发（P0强制退出）
2026-08-25 14:45,588750,科创芯片ETF汇添富,卖出/减仓,2.265,D,22,半导体,43,D,待执行,v2.31,清仓,清仓,止损退出触发（P0强制退出）
2026-08-26 09:26,159858,创新药指ETF,卖出/减仓,0.7,B,58,医药,37,D,待执行,v2.31,清仓,清仓,止损退出触发（P0强制退出）
2026-08-26 09:26,588750,科创芯片ETF汇添富,卖出/减仓,2.261,D,30,半导体,37,D,待执行,v2.31,清仓,清仓,止损退出触发（P0强制退出）
2026-08-26 10:05,159858,创新药指ETF,卖出/减仓,0.706,B,62,医药,40,D,待执行,v2.31,清仓,清仓,止损退出触发（P0强制退出）
2026-08-26 10:05,588750,科创芯片ETF汇添富,卖出/减仓,2.26,D,32,半导体,40,D,待执行,v2.31,清仓,清仓,止损退出触发（P0强制退出）
2026-08-26 10:34,518880,黄金ETF,买入,9.575,S,81,黄金,55,C,待执行,v2.31,买入,买入,S级建仓信号成立
2026-08-26 10:34,159858,创新药指ETF,卖出/减仓,0.704,B,63,医药,55,C,待执行,v2.31,清仓,清仓,止损退出触发（P0强制退出）
2026-08-26 10:34,512170,医疗ETF,买入,0.345,A,77,医药,55,C,待执行,v2.31,买入,买入,A级建仓信号成立
2026-08-26 10:34,588750,科创芯片ETF汇添富,卖出/减仓,2.281,D,32,半导体,55,C,待执行,v2.31,清仓,清仓,止损退出触发（P0强制退出）
2026-08-26 10:34,512400,有色金属ETF,买入,1.976,A,74,有色,55,C,待执行,v2.31,买入,买入,A级建仓信号成立
2026-08-26 10:35,515220,煤炭ETF,买入,1.306,S,83,煤炭,55,C,待执行,v2.31,买入,买入,S级建仓信号成立
2026-08-26 10:35,510880,红利ETF,买入,3.437,S,80,红利,55,C,待执行,v2.31,买入,买入,S级建仓信号成立
2026-08-26 10:35,603519,立霸股份,买入,16.58,S,84,其他,55,C,待执行,v2.31,清仓,买入,S级建仓信号成立
2026-08-26 10:51,159858,创新药指ETF,卖出/减仓,0.701,B,63,医药,69,B,待执行,v2.31,清仓,清仓,止损退出触发（P0强制退出）
2026-08-26 10:51,588750,科创芯片ETF汇添富,卖出/减仓,2.313,C,38,半导体,69,B,待执行,v2.31,清仓,清仓,止损退出触发（P0强制退出）
2026-08-26 10:51,600390,五矿资本,买入,5.12,S,83,其他,69,B,待执行,v2.31,持有,买入,S级建仓信号成立
2026-08-26 11:10,518880,黄金ETF,买入,9.55,A,78,黄金,50,C,待执行,v2.31,买入,买入,A级建仓信号成立
2026-08-26 11:10,159858,创新药指ETF,卖出/减仓,0.7,B,58,医药,50,C,待执行,v2.31,清仓,清仓,止损退出触发（P0强制退出）
2026-08-26 11:10,512170,医疗ETF,买入,0.344,A,74,医药,50,C,待执行,v2.31,买入,买入,A级建仓信号成立
2026-08-26 11:10,588750,科创芯片ETF汇添富,卖出/减仓,2.303,D,33,半导体,50,C,待执行,v2.31,清仓,清仓,止损退出触发（P0强制退出）
2026-08-26 11:10,512400,有色金属ETF,买入,1.963,A,71,有色,50,C,待执行,v2.31,买入,买入,A级建仓信号成立
2026-08-26 11:10,515220,煤炭ETF,买入,1.31,A,77,煤炭,50,C,待执行,v2.31,买入,买入,A级建仓信号成立
2026-08-26 11:10,510880,红利ETF,买入,3.438,A,75,红利,50,C,待执行,v2.31,买入,买入,A级建仓信号成立
2026-08-26 11:10,603519,立霸股份,买入,16.67,S,83,其他,50,C,待执行,v2.31,买入,买入,S级建仓信号成立
2026-08-26 11:11,159858,创新药指ETF,卖出/减仓,0.7,B,58,医药,50,C,待执行,v2.31,清仓,清仓,止损退出触发（P0强制退出）
2026-08-26 11:11,588750,科创芯片ETF汇添富,卖出/减仓,2.305,D,33,半导体,50,C,待执行,v2.31,清仓,清仓,止损退出触发（P0强制退出）
2026-08-26 13:30,518880,黄金ETF,买入,9.549,A,78,黄金,50,C,待执行,v2.31,买入,买入,A级建仓信号成立
2026-08-26 13:31,159858,创新药指ETF,卖出/减仓,0.699,B,58,医药,50,C,待执行,v2.31,清仓,清仓,止损退出触发（P0强制退出）
2026-08-26 13:31,512170,医疗ETF,买入,0.345,A,74,医药,50,C,待执行,v2.31,买入,买入,A级建仓信号成立
2026-08-26 13:31,588750,科创芯片ETF汇添富,卖出/减仓,2.301,D,33,半导体,50,C,待执行,v2.31,清仓,清仓,止损退出触发（P0强制退出）
2026-08-26 13:31,512400,有色金属ETF,买入,1.954,A,71,有色,50,C,待执行,v2.31,买入,买入,A级建仓信号成立
2026-08-26 13:31,515220,煤炭ETF,买入,1.308,A,77,煤炭,50,C,待执行,v2.31,买入,买入,A级建仓信号成立
2026-08-26 13:31,510880,红利ETF,买入,3.437,A,75,红利,50,C,待执行,v2.31,买入,买入,A级建仓信号成立
2026-08-26 13:31,603519,立霸股份,买入,16.57,S,83,其他,50,C,待执行,v2.31,买入,买入,S级建仓信号成立
2026-08-26 13:31,600390,五矿资本,买入,5.12,S,83,其他,50,C,待执行,v2.31,买入,买入,S级建仓信号成立
2026-08-26 14:46,159858,创新药指ETF,卖出/减仓,0.701,B,58,医药,53,C,待执行,v2.31,清仓,清仓,止损退出触发（P0强制退出）
2026-08-26 14:46,588750,科创芯片ETF汇添富,卖出/减仓,2.303,D,33,半导体,53,C,待执行,v2.31,清仓,清仓,止损退出触发（P0强制退出）
2026-08-27 10:01,518880,黄金ETF,买入,9.537,A,76,黄金,50,C,待执行,v2.31,买入,买入,A级建仓信号成立
2026-08-27 10:01,512400,有色金属ETF,买入,1.956,A,73,有色,50,C,待执行,v2.31,买入,买入,A级建仓信号成立
2026-08-27 10:01,515220,煤炭ETF,买入,1.315,A,72,煤炭,50,C,待执行,v2.31,买入,买入,A级建仓信号成立
2026-08-27 10:01,510880,红利ETF,买入,3.429,A,71,红利,50,C,待执行,v2.31,买入,买入,A级建仓信号成立
2026-08-27 10:01,603519,立霸股份,买入,16.34,A,76,其他,50,C,待执行,v2.31,买入,买入,A级建仓信号成立
2026-08-27 10:01,601899,紫金矿业,买入,34.61,A,72,其他,50,C,待执行,v2.31,买入,买入,A级建仓信号成立
2026-08-27 10:01,600390,五矿资本,买入,5.09,A,77,其他,50,C,待执行,v2.31,买入,买入,A级建仓信号成立
2026-08-27 10:01,600497,驰宏锌锗,买入,10.4,A,79,其他,50,C,待执行,v2.31,买入,买入,A级建仓信号成立
2026-08-27 10:01,002500,山西证券,买入,5.47,A,74,其他,50,C,待执行,v2.31,买入,买入,A级建仓信号成立
2026-08-27 10:01,000721,西安饮食,买入,6.91,S,82,其他,50,C,待执行,v2.31,买入,买入,S级建仓信号成立
2026-08-27 10:01,600593,大连圣亚,买入,41.74,S,86,其他,50,C,待执行,v2.31,买入,买入,S级建仓信号成立
2026-08-27 11:10,518880,黄金ETF,买入,9.512,A,76,黄金,53,C,待执行,v2.31,买入,买入,A级建仓信号成立
2026-08-27 11:10,512400,有色金属ETF,买入,1.965,A,73,有色,53,C,待执行,v2.31,买入,买入,A级建仓信号成立
2026-08-27 11:10,515220,煤炭ETF,买入,1.328,A,73,煤炭,53,C,待执行,v2.31,买入,买入,A级建仓信号成立
2026-08-27 11:10,510880,红利ETF,买入,3.433,A,72,红利,53,C,待执行,v2.31,买入,买入,A级建仓信号成立
2026-08-27 11:10,603519,立霸股份,买入,16.5,A,77,其他,53,C,待执行,v2.31,买入,买入,A级建仓信号成立
2026-08-27 11:10,601899,紫金矿业,买入,34.54,A,72,其他,53,C,待执行,v2.31,买入,买入,A级建仓信号成立
2026-08-27 11:10,600390,五矿资本,买入,5.08,A,77,其他,53,C,待执行,v2.31,买入,买入,A级建仓信号成立
2026-08-27 11:10,600497,驰宏锌锗,买入,10.54,S,83,其他,53,C,待执行,v2.31,买入,买入,S级建仓信号成立
2026-08-27 11:10,002500,山西证券,买入,5.46,A,74,其他,53,C,待执行,v2.31,买入,买入,A级建仓信号成立
2026-08-27 11:10,000721,西安饮食,买入,6.9,S,82,其他,53,C,待执行,v2.31,买入,买入,S级建仓信号成立
2026-08-27 11:10,600593,大连圣亚,买入,41.66,S,86,其他,53,C,待执行,v2.31,买入,买入,S级建仓信号成立
2026-08-27 12:39,518880,黄金ETF,买入,9.518,A,76,黄金,63,C,待执行,v2.31,买入,买入,A级建仓信号成立
2026-08-27 12:39,512400,有色金属ETF,买入,1.973,A,73,有色,63,C,待执行,v2.31,买入,买入,A级建仓信号成立
2026-08-27 12:39,515220,煤炭ETF,买入,1.326,A,73,煤炭,63,C,待执行,v2.31,买入,买入,A级建仓信号成立
2026-08-27 12:39,510880,红利ETF,买入,3.427,A,71,红利,63,C,待执行,v2.31,买入,买入,A级建仓信号成立
2026-08-27 12:39,603519,立霸股份,买入,16.6,A,77,其他,63,C,待执行,v2.31,买入,买入,A级建仓信号成立
2026-08-27 12:39,000630,铜陵有色,买入,6.76,S,80,有色,63,C,待执行,v2.31,买入,买入,S级建仓信号成立
2026-08-27 12:39,600362,江西铜业,买入,49.18,S,83,其他,63,C,待执行,v2.31,持有,买入,S级建仓信号成立
2026-08-27 12:39,600388,紫金龙净,买入,18.36,A,78,其他,63,C,待执行,v2.31,持有,买入,A级建仓信号成立
2026-08-27 12:39,002714,牧原股份,买入,40.02,A,75,其他,63,C,待执行,v2.31,买入,买入,A级建仓信号成立
2026-08-27 12:39,600390,五矿资本,买入,5.06,A,73,其他,63,C,待执行,v2.31,买入,买入,A级建仓信号成立
2026-08-27 12:39,600497,驰宏锌锗,买入,10.54,S,83,其他,63,C,待执行,v2.31,买入,买入,S级建仓信号成立
2026-08-27 12:39,002500,山西证券,买入,5.44,A,74,其他,63,C,待执行,v2.31,买入,买入,A级建仓信号成立
2026-08-27 12:39,000721,西安饮食,买入,6.89,S,82,其他,63,C,待执行,v2.31,买入,买入,S级建仓信号成立
2026-08-27 12:39,600593,大连圣亚,买入,41.57,S,86,其他,63,C,待执行,v2.31,买入,买入,S级建仓信号成立
2026-08-27 12:39,600155,华创云信,买入,6.2,S,84,其他,63,C,待执行,v2.31,买入,买入,S级建仓信号成立
2026-08-27 13:30,518880,黄金ETF,买入,9.486,A,76,黄金,53,C,待执行,v2.31,买入,买入,A级建仓信号成立
2026-08-27 13:30,512400,有色金属ETF,买入,1.962,A,73,有色,53,C,待执行,v2.31,买入,买入,A级建仓信号成立
2026-08-27 13:30,515220,煤炭ETF,买入,1.344,A,73,煤炭,53,C,待执行,v2.31,买入,买入,A级建仓信号成立
2026-08-27 13:30,510880,红利ETF,买入,3.461,A,73,红利,53,C,待执行,v2.31,买入,买入,A级建仓信号成立
2026-08-27 13:30,603519,立霸股份,买入,16.96,A,78,其他,53,C,待执行,v2.31,买入,买入,A级建仓信号成立
2026-08-27 13:30,000630,铜陵有色,买入,6.75,A,77,有色,53,C,待执行,v2.31,买入,买入,A级建仓信号成立
2026-08-27 13:30,600362,江西铜业,买入,49.03,S,83,其他,53,C,待执行,v2.31,买入,买入,S级建仓信号成立
2026-08-27 13:30,600388,紫金龙净,买入,18.31,A,77,其他,53,C,待执行,v2.31,买入,买入,A级建仓信号成立
2026-08-27 13:30,002714,牧原股份,买入,40.87,A,79,其他,53,C,待执行,v2.31,买入,买入,A级建仓信号成立
2026-08-27 13:30,600390,五矿资本,买入,5.13,S,83,其他,53,C,待执行,v2.31,买入,买入,S级建仓信号成立
2026-08-27 13:30,600497,驰宏锌锗,买入,10.49,S,83,其他,53,C,待执行,v2.31,买入,买入,S级建仓信号成立
2026-08-27 13:30,002500,山西证券,买入,5.47,A,74,其他,53,C,待执行,v2.31,买入,买入,A级建仓信号成立
2026-08-27 13:30,000721,西安饮食,买入,6.88,S,82,其他,53,C,待执行,v2.31,买入,买入,S级建仓信号成立
2026-08-27 13:30,600593,大连圣亚,买入,41.65,S,86,其他,53,C,待执行,v2.31,买入,买入,S级建仓信号成立
2026-08-27 13:30,600155,华创云信,买入,6.22,S,85,其他,53,C,待执行,v2.31,买入,买入,S级建仓信号成立
2026-08-27 14:28,518880,黄金ETF,买入,9.467,A,76,黄金,63,C,待执行,v2.31,买入,买入,A级建仓信号成立
2026-08-27 14:28,512170,医疗ETF,买入,0.345,A,70,医药,63,C,待执行,v2.31,买入,买入,A级建仓信号成立
2026-08-27 14:28,512400,有色金属ETF,买入,1.97,A,73,有色,63,C,待执行,v2.31,买入,买入,A级建仓信号成立
2026-08-27 14:28,515220,煤炭ETF,买入,1.338,A,73,煤炭,63,C,待执行,v2.31,买入,买入,A级建仓信号成立
2026-08-27 14:28,510880,红利ETF,买入,3.45,A,73,红利,63,C,待执行,v2.31,买入,买入,A级建仓信号成立
2026-08-27 14:28,603519,立霸股份,买入,17.12,A,78,其他,63,C,待执行,v2.31,买入,买入,A级建仓信号成立
2026-08-27 14:28,000623,吉林敖东,买入,18.59,S,81,其他,63,C,待执行,v2.31,持有,买入,S级建仓信号成立
2026-08-27 14:28,002648,卫星化学,买入,27.34,A,78,其他,63,C,待执行,v2.31,买入,买入,A级建仓信号成立
2026-08-27 14:28,000630,铜陵有色,买入,6.75,A,77,有色,63,C,待执行,v2.31,买入,买入,A级建仓信号成立
2026-08-27 14:29,000878,云南铜业,买入,17.1,S,80,其他,63,C,待执行,v2.31,持有,买入,S级建仓信号成立
2026-08-27 14:29,600362,江西铜业,买入,49.1,S,83,其他,63,C,待执行,v2.31,买入,买入,S级建仓信号成立
2026-08-27 14:29,600698,湖南天雁,买入,7.32,S,85,其他,63,C,待执行,v2.31,持有,买入,S级建仓信号成立
2026-08-27 14:29,600155,华创云信,买入,6.24,S,85,其他,63,C,待执行,v2.31,买入,买入,S级建仓信号成立
2026-08-27 14:29,002714,牧原股份,买入,40.86,A,79,其他,63,C,待执行,v2.31,买入,买入,A级建仓信号成立
2026-08-27 14:29,000737,北方铜业,买入,15.26,S,84,其他,63,C,待执行,v2.31,持有,买入,S级建仓信号成立
2026-08-27 14:29,600390,五矿资本,买入,5.13,S,83,其他,63,C,待执行,v2.31,买入,买入,S级建仓信号成立
2026-08-28 09:35,518880,黄金ETF,买入,9.422,A,75,黄金,60,C,待执行,v2.31,买入,买入,A级建仓信号成立
2026-08-28 09:35,512400,有色金属ETF,买入,1.969,A,73,有色,60,C,待执行,v2.31,买入,买入,A级建仓信号成立
2026-08-28 09:35,515220,煤炭ETF,买入,1.346,A,73,煤炭,60,C,待执行,v2.31,买入,买入,A级建仓信号成立
2026-08-28 09:35,510880,红利ETF,买入,3.455,A,76,红利,60,C,待执行,v2.31,买入,买入,A级建仓信号成立
2026-08-28 09:35,603519,立霸股份,买入,17.09,A,74,其他,60,C,待执行,v2.31,买入,买入,A级建仓信号成立
2026-08-28 09:35,002648,卫星化学,买入,27.37,A,76,其他,60,C,待执行,v2.31,买入,买入,A级建仓信号成立
2026-08-28 09:35,000630,铜陵有色,买入,6.79,A,76,有色,60,C,待执行,v2.31,买入,买入,A级建仓信号成立
2026-08-28 09:35,000902,新洋丰,买入,14.23,A,73,其他,60,C,待执行,v2.31,持有,买入,A级建仓信号成立
2026-08-28 09:35,600155,华创云信,买入,6.2,A,73,其他,60,C,待执行,v2.31,买入,买入,A级建仓信号成立
2026-08-28 09:35,002714,牧原股份,买入,40.6,A,72,其他,60,C,待执行,v2.31,买入,买入,A级建仓信号成立
2026-08-28 09:35,000737,北方铜业,买入,15.17,A,78,其他,60,C,待执行,v2.31,买入,买入,A级建仓信号成立
2026-08-28 09:35,600390,五矿资本,买入,5.1,A,74,其他,60,C,待执行,v2.31,买入,买入,A级建仓信号成立
2026-08-28 09:35,000977,浪潮信息,买入,78.66,S,84,其他,60,C,待执行,v2.31,持有,买入,S级建仓信号成立
2026-08-28 09:35,600562,国睿科技,买入,27.41,S,84,其他,60,C,待执行,v2.31,持有,买入,S级建仓信号成立
2026-08-28 11:10,518880,黄金ETF,买入,9.423,A,75,黄金,53,C,待执行,v2.31,买入,买入,A级建仓信号成立
2026-08-28 11:10,512400,有色金属ETF,买入,1.973,A,72,有色,53,C,待执行,v2.31,买入,买入,A级建仓信号成立
2026-08-28 11:10,515220,煤炭ETF,买入,1.336,A,73,煤炭,53,C,待执行,v2.31,买入,买入,A级建仓信号成立
2026-08-28 11:10,510880,红利ETF,买入,3.449,A,73,红利,53,C,待执行,v2.31,买入,买入,A级建仓信号成立
2026-08-28 11:10,603519,立霸股份,买入,17.22,A,76,其他,53,C,待执行,v2.31,买入,买入,A级建仓信号成立
2026-08-28 11:10,002648,卫星化学,买入,27.95,S,80,其他,53,C,待执行,v2.31,买入,买入,S级建仓信号成立
2026-08-28 11:10,000630,铜陵有色,买入,6.74,A,75,有色,53,C,待执行,v2.31,买入,买入,A级建仓信号成立
2026-08-28 11:10,000902,新洋丰,买入,14.6,S,82,其他,53,C,待执行,v2.31,买入,买入,S级建仓信号成立
2026-08-28 11:10,600155,华创云信,买入,6.29,S,84,其他,53,C,待执行,v2.31,买入,买入,S级建仓信号成立
2026-08-28 11:10,002714,牧原股份,买入,40.67,A,75,其他,53,C,待执行,v2.31,买入,买入,A级建仓信号成立
2026-08-28 11:10,000737,北方铜业,买入,15.36,A,79,其他,53,C,待执行,v2.31,买入,买入,A级建仓信号成立
2026-08-28 11:10,600390,五矿资本,买入,5.1,A,74,其他,53,C,待执行,v2.31,买入,买入,A级建仓信号成立
2026-08-28 11:10,000977,浪潮信息,买入,77.61,A,79,其他,53,C,待执行,v2.31,买入,买入,A级建仓信号成立
2026-08-28 11:10,600562,国睿科技,买入,28.28,S,86,其他,53,C,待执行,v2.31,买入,买入,S级建仓信号成立
2026-08-28 12:34,518880,黄金ETF,买入,9.426,A,75,黄金,53,C,待执行,v2.31,买入,买入,A级建仓信号成立
2026-08-28 12:34,512400,有色金属ETF,买入,1.988,A,72,有色,53,C,待执行,v2.31,买入,买入,A级建仓信号成立
2026-08-28 12:34,515220,煤炭ETF,买入,1.337,A,73,煤炭,53,C,待执行,v2.31,买入,买入,A级建仓信号成立
2026-08-28 12:34,510880,红利ETF,买入,3.45,A,73,红利,53,C,待执行,v2.31,买入,买入,A级建仓信号成立
2026-08-28 12:34,603519,立霸股份,买入,17.14,A,76,其他,53,C,待执行,v2.31,买入,买入,A级建仓信号成立
2026-08-28 12:34,000630,铜陵有色,买入,6.77,A,76,有色,53,C,待执行,v2.31,买入,买入,A级建仓信号成立
2026-08-28 12:34,000902,新洋丰,买入,14.57,S,82,其他,53,C,待执行,v2.31,买入,买入,S级建仓信号成立
2026-08-28 12:34,000998,隆平高科,买入,9.33,A,79,其他,53,C,待执行,v2.31,持有,买入,A级建仓信号成立
2026-08-28 12:34,600155,华创云信,买入,6.29,S,84,其他,53,C,待执行,v2.31,买入,买入,S级建仓信号成立
2026-08-28 12:34,002714,牧原股份,买入,40.61,A,72,其他,53,C,待执行,v2.31,买入,买入,A级建仓信号成立
2026-08-28 12:34,000737,北方铜业,买入,15.39,A,79,其他,53,C,待执行,v2.31,买入,买入,A级建仓信号成立
2026-08-28 12:34,600390,五矿资本,买入,5.11,A,74,其他,53,C,待执行,v2.31,买入,买入,A级建仓信号成立
2026-08-28 12:34,000977,浪潮信息,买入,77.71,A,79,其他,53,C,待执行,v2.31,买入,买入,A级建仓信号成立
2026-08-28 12:34,600562,国睿科技,买入,28.55,S,86,其他,53,C,待执行,v2.31,买入,买入,S级建仓信号成立
2026-08-28 13:30,518880,黄金ETF,买入,9.411,A,75,黄金,61,C,待执行,v2.31,买入,买入,A级建仓信号成立
2026-08-28 13:30,512400,有色金属ETF,买入,1.979,A,72,有色,61,C,待执行,v2.31,买入,买入,A级建仓信号成立
2026-08-28 13:30,515220,煤炭ETF,买入,1.347,A,73,煤炭,61,C,待执行,v2.31,买入,买入,A级建仓信号成立
2026-08-28 13:30,510880,红利ETF,买入,3.459,A,73,红利,61,C,待执行,v2.31,买入,买入,A级建仓信号成立
2026-08-28 13:30,603519,立霸股份,买入,17.26,A,76,其他,61,C,待执行,v2.31,买入,买入,A级建仓信号成立
2026-08-28 13:30,000630,铜陵有色,买入,6.78,A,76,有色,61,C,待执行,v2.31,买入,买入,A级建仓信号成立
2026-08-28 13:30,000902,新洋丰,买入,14.54,S,82,其他,61,C,待执行,v2.31,买入,买入,S级建仓信号成立
2026-08-28 13:30,000998,隆平高科,买入,9.33,A,79,其他,61,C,待执行,v2.31,买入,买入,A级建仓信号成立
2026-08-28 13:30,600155,华创云信,买入,6.3,S,84,其他,61,C,待执行,v2.31,买入,买入,S级建仓信号成立
2026-08-28 13:30,002714,牧原股份,买入,41.14,A,77,其他,61,C,待执行,v2.31,买入,买入,A级建仓信号成立
2026-08-28 13:30,000737,北方铜业,买入,15.3,A,78,其他,61,C,待执行,v2.31,买入,买入,A级建仓信号成立
2026-08-28 13:30,600390,五矿资本,买入,5.1,A,74,其他,61,C,待执行,v2.31,买入,买入,A级建仓信号成立
2026-08-28 13:30,000977,浪潮信息,买入,77.6,A,79,其他,61,C,待执行,v2.31,买入,买入,A级建仓信号成立
2026-08-28 13:30,600562,国睿科技,买入,28.73,S,86,其他,61,C,待执行,v2.31,买入,买入,S级建仓信号成立
2026-08-28 14:31,518880,黄金ETF,买入,9.424,A,75,黄金,64,C,待执行,v2.31,买入,买入,A级建仓信号成立
2026-08-28 14:31,512400,有色金属ETF,买入,1.984,A,72,有色,64,C,待执行,v2.31,买入,买入,A级建仓信号成立
2026-08-28 14:31,515220,煤炭ETF,买入,1.352,A,73,煤炭,64,C,待执行,v2.31,买入,买入,A级建仓信号成立
2026-08-28 14:31,510880,红利ETF,买入,3.463,A,73,红利,64,C,待执行,v2.31,买入,买入,A级建仓信号成立
2026-08-28 14:31,603519,立霸股份,买入,17.27,A,76,其他,64,C,待执行,v2.31,买入,买入,A级建仓信号成立
2026-08-28 14:31,600096,云天化,买入,31.73,A,76,其他,64,C,待执行,v2.31,持有,买入,A级建仓信号成立
2026-08-28 14:31,000902,新洋丰,买入,14.63,S,83,其他,64,C,待执行,v2.31,买入,买入,S级建仓信号成立
2026-08-28 14:31,000630,铜陵有色,买入,6.78,A,76,有色,64,C,待执行,v2.31,买入,买入,A级建仓信号成立
2026-08-28 14:31,002648,卫星化学,买入,28.48,S,80,其他,64,C,待执行,v2.31,买入,买入,S级建仓信号成立
2026-08-28 14:31,002303,美盈森,买入,5.2,S,84,其他,64,C,待执行,v2.31,持有,买入,S级建仓信号成立
2026-08-28 14:31,002714,牧原股份,买入,41.6,S,80,其他,64,C,待执行,v2.31,买入,买入,S级建仓信号成立
2026-08-31 11:10,518880,黄金ETF,买入,9.108,A,73,黄金,50,C,待执行,v2.31,买入,买入,A级建仓信号成立
2026-08-31 11:10,515220,煤炭ETF,买入,1.367,A,74,煤炭,50,C,待执行,v2.31,买入,买入,A级建仓信号成立
2026-08-31 11:10,510880,红利ETF,买入,3.476,A,74,红利,50,C,待执行,v2.31,买入,买入,A级建仓信号成立
2026-08-31 11:10,603519,立霸股份,买入,16.81,A,73,其他,50,C,待执行,v2.31,买入,买入,A级建仓信号成立
2026-08-31 11:10,600409,三友化工,买入,7.36,S,84,其他,50,C,待执行,v2.31,持有,买入,S级建仓信号成立
2026-08-31 11:10,600760,中航沈飞,买入,46.7,S,87,其他,50,C,待执行,v2.31,持有,买入,S级建仓信号成立
2026-08-31 11:10,600309,万华化学,买入,75.41,A,71,其他,50,C,待执行,v2.31,持有,买入,A级建仓信号成立
2026-08-31 11:10,002064,华峰化学,买入,11.62,A,77,其他,50,C,待执行,v2.31,持有,买入,A级建仓信号成立
2026-08-31 11:10,600133,东湖高新,买入,8.62,A,74,其他,50,C,待执行,v2.31,持有,买入,A级建仓信号成立
2026-08-31 11:10,600362,江西铜业,买入,47.27,A,77,其他,50,C,待执行,v2.31,买入,买入,A级建仓信号成立
2026-08-31 11:10,600727,鲁北化工,买入,7.8,A,75,其他,50,C,待执行,v2.31,持有,买入,A级建仓信号成立
2026-08-31 11:10,002714,牧原股份,买入,42.36,S,82,其他,50,C,待执行,v2.31,买入,买入,S级建仓信号成立
2026-08-31 11:10,002648,卫星化学,买入,28.23,S,84,其他,50,C,待执行,v2.31,买入,买入,S级建仓信号成立
2026-08-31 11:10,600096,云天化,买入,31.54,A,76,其他,50,C,待执行,v2.31,买入,买入,A级建仓信号成立
2026-08-31 12:34,518880,黄金ETF,买入,9.112,A,74,黄金,53,C,待执行,v2.31,买入,买入,A级建仓信号成立
2026-08-31 12:34,515220,煤炭ETF,买入,1.367,A,74,煤炭,53,C,待执行,v2.31,买入,买入,A级建仓信号成立
2026-08-31 12:34,510880,红利ETF,买入,3.477,A,74,红利,53,C,待执行,v2.31,买入,买入,A级建仓信号成立
2026-08-31 12:34,603519,立霸股份,买入,16.79,A,73,其他,53,C,待执行,v2.31,买入,买入,A级建仓信号成立
2026-08-31 12:34,600760,中航沈飞,买入,46.63,S,87,其他,53,C,待执行,v2.31,买入,买入,S级建仓信号成立
2026-08-31 12:34,601058,赛轮轮胎,买入,15.16,S,87,其他,53,C,待执行,v2.31,持有,买入,S级建仓信号成立
2026-08-31 12:34,000938,紫光股份,买入,37.09,A,75,其他,53,C,待执行,v2.31,持有,买入,A级建仓信号成立
2026-08-31 12:34,000977,浪潮信息,买入,81.5,A,79,其他,53,C,待执行,v2.31,买入,买入,A级建仓信号成立
2026-08-31 12:34,600490,鹏欣资源,买入,7.54,S,81,其他,53,C,待执行,v2.31,持有,买入,S级建仓信号成立
2026-08-31 12:34,002714,牧原股份,买入,42.44,S,83,其他,53,C,待执行,v2.31,买入,买入,S级建仓信号成立
2026-08-31 12:34,002648,卫星化学,买入,28.26,S,84,其他,53,C,待执行,v2.31,买入,买入,S级建仓信号成立
2026-08-31 12:34,600096,云天化,买入,31.42,A,75,其他,53,C,待执行,v2.31,买入,买入,A级建仓信号成立
2026-08-31 13:30,518880,黄金ETF,买入,9.141,A,75,黄金,53,C,待执行,v2.31,买入,买入,A级建仓信号成立
2026-08-31 13:30,515220,煤炭ETF,买入,1.372,A,74,煤炭,53,C,待执行,v2.31,买入,买入,A级建仓信号成立
2026-08-31 13:30,510880,红利ETF,买入,3.481,A,74,红利,53,C,待执行,v2.31,买入,买入,A级建仓信号成立
2026-08-31 13:30,603519,立霸股份,买入,16.88,A,74,其他,53,C,待执行,v2.31,买入,买入,A级建仓信号成立
2026-08-31 13:30,600760,中航沈飞,买入,46.57,S,87,其他,53,C,待执行,v2.31,买入,买入,S级建仓信号成立
2026-08-31 13:30,601058,赛轮轮胎,买入,15.12,S,87,其他,53,C,待执行,v2.31,买入,买入,S级建仓信号成立
2026-08-31 13:30,000938,紫光股份,买入,37.74,A,77,其他,53,C,待执行,v2.31,买入,买入,A级建仓信号成立
2026-08-31 13:30,000977,浪潮信息,买入,83.03,S,80,其他,53,C,待执行,v2.31,买入,买入,S级建仓信号成立
2026-08-31 13:30,600490,鹏欣资源,买入,7.67,S,82,其他,53,C,待执行,v2.31,买入,买入,S级建仓信号成立
2026-08-31 13:30,002714,牧原股份,买入,42.33,S,82,其他,53,C,待执行,v2.31,买入,买入,S级建仓信号成立
2026-08-31 13:30,002648,卫星化学,买入,28.43,S,89,其他,53,C,待执行,v2.31,买入,买入,S级建仓信号成立
2026-08-31 13:30,600096,云天化,买入,31.55,A,76,其他,53,C,待执行,v2.31,买入,买入,A级建仓信号成立
2026-08-31 14:25,518880,黄金ETF,买入,9.131,A,75,黄金,53,C,待执行,v2.31,买入,买入,A级建仓信号成立
2026-08-31 14:25,515220,煤炭ETF,买入,1.373,A,74,煤炭,53,C,待执行,v2.31,买入,买入,A级建仓信号成立
2026-08-31 14:25,510880,红利ETF,买入,3.482,A,74,红利,53,C,待执行,v2.31,买入,买入,A级建仓信号成立
2026-08-31 14:25,603519,立霸股份,买入,17.05,A,74,其他,53,C,待执行,v2.31,买入,买入,A级建仓信号成立
2026-08-31 14:25,002648,卫星化学,买入,28.47,S,89,其他,53,C,待执行,v2.31,买入,买入,S级建仓信号成立
2026-08-31 14:25,601058,赛轮轮胎,买入,15.22,S,87,其他,53,C,待执行,v2.31,买入,买入,S级建仓信号成立
2026-08-31 14:25,600760,中航沈飞,买入,46.87,S,87,其他,53,C,待执行,v2.31,买入,买入,S级建仓信号成立
2026-08-31 14:25,000938,紫光股份,买入,39.04,A,79,其他,53,C,待执行,v2.31,买入,买入,A级建仓信号成立
2026-08-31 14:25,000783,长江证券,买入,9.22,A,76,其他,53,C,待执行,v2.31,买入,买入,A级建仓信号成立
2026-09-01 09:35,518880,黄金ETF,买入,9.139,A,78,黄金,50,C,待执行,v2.31,买入,买入,A级建仓信号成立
2026-09-01 09:35,512400,有色金属ETF,买入,1.958,A,79,有色,50,C,待执行,v2.31,买入,买入,A级建仓信号成立
2026-09-01 09:35,515220,煤炭ETF,买入,1.371,A,75,煤炭,50,C,待执行,v2.31,买入,买入,A级建仓信号成立
2026-09-01 09:35,510880,红利ETF,买入,3.5,S,82,红利,50,C,待执行,v2.31,买入,买入,S级建仓信号成立
2026-09-01 09:35,603519,立霸股份,买入,17.3,A,79,其他,50,C,待执行,v2.31,买入,买入,A级建仓信号成立
2026-09-01 09:35,002292,奥飞娱乐,买入,8.58,A,78,其他,50,C,待执行,v2.31,持有,买入,A级建仓信号成立
2026-09-01 09:35,002354,天娱数科,买入,8.01,A,73,其他,50,C,待执行,v2.31,持有,买入,A级建仓信号成立
2026-09-01 09:35,600760,中航沈飞,买入,47.18,S,83,其他,50,C,待执行,v2.31,买入,买入,S级建仓信号成立
2026-09-01 09:35,002745,木林森,买入,11.61,S,80,其他,50,C,待执行,v2.31,持有,买入,S级建仓信号成立
2026-09-01 09:35,000783,长江证券,买入,9.17,A,73,其他,50,C,待执行,v2.31,买入,买入,A级建仓信号成立
2026-09-01 09:35,000938,紫光股份,买入,39.11,S,87,其他,50,C,待执行,v2.31,买入,买入,S级建仓信号成立
2026-09-01 11:10,518880,黄金ETF,买入,9.139,A,78,黄金,53,C,待执行,v2.31,买入,买入,A级建仓信号成立
2026-09-01 11:10,512400,有色金属ETF,买入,1.95,A,70,有色,53,C,待执行,v2.31,买入,买入,A级建仓信号成立
2026-09-01 11:10,515220,煤炭ETF,买入,1.391,A,78,煤炭,53,C,待执行,v2.31,买入,买入,A级建仓信号成立
2026-09-01 11:10,510880,红利ETF,买入,3.524,S,80,红利,53,C,待执行,v2.31,买入,买入,S级建仓信号成立
2026-09-01 11:10,603519,立霸股份,买入,17.03,A,74,其他,53,C,待执行,v2.31,买入,买入,A级建仓信号成立
2026-09-01 11:10,002292,奥飞娱乐,买入,8.86,S,83,其他,53,C,待执行,v2.31,买入,买入,S级建仓信号成立
2026-09-01 11:10,002354,天娱数科,买入,8.52,S,81,其他,53,C,待执行,v2.31,买入,买入,S级建仓信号成立
2026-09-01 11:10,600760,中航沈飞,买入,47.38,S,83,其他,53,C,待执行,v2.31,买入,买入,S级建仓信号成立
2026-09-01 11:10,002745,木林森,买入,11.44,S,80,其他,53,C,待执行,v2.31,买入,买入,S级建仓信号成立
2026-09-01 11:10,000783,长江证券,买入,9.27,A,75,其他,53,C,待执行,v2.31,买入,买入,A级建仓信号成立
2026-09-01 11:10,000938,紫光股份,买入,38.48,S,81,其他,53,C,待执行,v2.31,买入,买入,S级建仓信号成立
2026-09-01 12:36,518880,黄金ETF,买入,9.128,A,73,黄金,53,C,待执行,v2.31,买入,买入,A级建仓信号成立
2026-09-01 12:36,515220,煤炭ETF,买入,1.385,A,78,煤炭,53,C,待执行,v2.31,买入,买入,A级建仓信号成立
2026-09-01 12:36,510880,红利ETF,买入,3.52,S,80,红利,53,C,待执行,v2.31,买入,买入,S级建仓信号成立
2026-09-01 12:36,603519,立霸股份,买入,17.24,A,76,其他,53,C,待执行,v2.31,买入,买入,A级建仓信号成立
2026-09-01 12:36,002714,牧原股份,买入,42.7,S,89,其他,53,C,待执行,v2.31,买入,买入,S级建仓信号成立
2026-09-01 12:36,600036,招商银行,买入,40.63,A,78,其他,53,C,待执行,v2.31,买入,买入,A级建仓信号成立
2026-09-01 12:36,002292,奥飞娱乐,买入,8.86,S,83,其他,53,C,待执行,v2.31,买入,买入,S级建仓信号成立
2026-09-01 12:36,601328,交通银行,买入,7.3,A,78,其他,53,C,待执行,v2.31,持有,买入,A级建仓信号成立
2026-09-01 12:36,600096,云天化,买入,32.06,S,81,其他,53,C,待执行,v2.31,买入,买入,S级建仓信号成立
2026-09-01 12:36,000938,紫光股份,买入,38.81,S,81,其他,53,C,待执行,v2.31,买入,买入,S级建仓信号成立
2026-09-01 12:36,002029,七匹狼,买入,9.32,S,82,其他,53,C,待执行,v2.31,持有,买入,S级建仓信号成立
2026-09-01 12:36,600177,雅戈尔,买入,8.17,S,87,其他,53,C,待执行,v2.31,持有,买入,S级建仓信号成立
2026-09-01 13:30,515220,煤炭ETF,买入,1.372,A,73,煤炭,51,C,待执行,v2.31,买入,买入,A级建仓信号成立
2026-09-01 13:30,510880,红利ETF,买入,3.51,S,80,红利,51,C,待执行,v2.31,买入,买入,S级建仓信号成立
2026-09-01 13:30,603519,立霸股份,买入,16.93,A,74,其他,51,C,待执行,v2.31,买入,买入,A级建仓信号成立
2026-09-01 13:30,002714,牧原股份,买入,42.47,S,88,其他,51,C,待执行,v2.31,买入,买入,S级建仓信号成立
2026-09-01 13:30,600036,招商银行,买入,40.85,A,78,其他,51,C,待执行,v2.31,买入,买入,A级建仓信号成立
2026-09-01 13:30,002292,奥飞娱乐,买入,8.79,S,83,其他,51,C,待执行,v2.31,买入,买入,S级建仓信号成立
2026-09-01 13:30,601328,交通银行,买入,7.34,A,78,其他,51,C,待执行,v2.31,买入,买入,A级建仓信号成立
2026-09-01 13:30,600096,云天化,买入,31.86,S,80,其他,51,C,待执行,v2.31,买入,买入,S级建仓信号成立
2026-09-01 13:30,000938,紫光股份,买入,38.53,S,81,其他,51,C,待执行,v2.31,买入,买入,S级建仓信号成立
2026-09-01 13:30,002029,七匹狼,买入,9.29,S,82,其他,51,C,待执行,v2.31,买入,买入,S级建仓信号成立
2026-09-01 13:30,600177,雅戈尔,买入,8.18,S,87,其他,51,C,待执行,v2.31,买入,买入,S级建仓信号成立
2026-09-01 14:30,518880,黄金ETF,买入,9.117,A,73,黄金,56,C,待执行,v2.31,买入,买入,A级建仓信号成立
2026-09-01 14:30,515220,煤炭ETF,买入,1.348,A,71,煤炭,56,C,待执行,v2.31,买入,买入,A级建仓信号成立
2026-09-01 14:30,510880,红利ETF,买入,3.49,A,79,红利,56,C,待执行,v2.31,买入,买入,A级建仓信号成立
2026-09-01 14:30,603519,立霸股份,买入,17.2,A,76,其他,56,C,待执行,v2.31,买入,买入,A级建仓信号成立
2026-09-01 14:30,600789,鲁抗医药,买入,7.89,S,80,医药,56,C,待执行,v2.31,持有,买入,S级建仓信号成立
2026-09-01 14:30,600671,天目药业,买入,22.42,S,80,其他,56,C,待执行,v2.31,持有,买入,S级建仓信号成立
2026-09-01 14:30,600096,云天化,买入,31.82,S,80,其他,56,C,待执行,v2.31,买入,买入,S级建仓信号成立
2026-09-01 14:30,601328,交通银行,买入,7.36,A,78,其他,56,C,待执行,v2.31,买入,买入,A级建仓信号成立
2026-09-01 14:30,002029,七匹狼,买入,9.32,S,82,其他,56,C,待执行,v2.31,买入,买入,S级建仓信号成立
2026-09-01 14:30,600177,雅戈尔,买入,8.23,S,87,其他,56,C,待执行,v2.31,买入,买入,S级建仓信号成立
2026-09-01 14:30,002714,牧原股份,买入,42.44,S,88,其他,56,C,待执行,v2.31,买入,买入,S级建仓信号成立
